,Date,Time,Open,High,Low,Close,Vol,<VOL2>,<SPREAD>,symbol,time,minute,hour,weekday,week,month,year,day,macd,boll_ub,boll_lb,rsi_30,dx_30,close_30_sma,close_60_sma
0,2021.12.27,00:00:00,1.13023,1.13164,1.13023,1.13157,71,0,18,EURUSD,2021-12-27 00:00:00,0,0,0,52,12,2021,27,-0.000354461968614508,1.1325085045514882,1.1305544954485116,45.514625396600884,10.389986566613818,1.1317933333333334,1.1326216666666666
1,2021.12.27,00:15:00,1.1314,1.13167,1.13042,1.13107,151,0,38,EURUSD,2021-12-27 00:15:00,15,0,0,52,12,2021,27,-0.000335275319696626,1.1324516729939753,1.1305153270060249,42.592928373378,10.309702132781236,1.1317373333333332,1.13259
2,2021.12.27,00:30:00,1.13104,1.1315,1.13094,1.13127,201,0,20,EURUSD,2021-12-27 00:30:00,30,0,0,52,12,2021,27,-0.0003193122827864323,1.132386091736062,1.130506908263938,44.07834229674212,10.232093846743075,1.1316806666666666,1.1325596666666666
3,2021.12.27,00:45:00,1.13138,1.13148,1.13075,1.13114,190,0,35,EURUSD,2021-12-27 00:45:00,45,0,0,52,12,2021,27,-0.00030755284899478306,1.1321911902435857,1.1305678097564142,43.32454816490898,10.208518424377882,1.1316253333333333,1.1325213333333333
4,2021.12.27,01:00:00,1.13099,1.13227,1.13099,1.13227,274,0,7,EURUSD,2021-12-27 01:00:00,0,1,0,52,12,2021,27,-0.00028031513596851444,1.132179677955684,1.1305753220443162,50.878247580160725,9.949551529708483,1.1316133333333334,1.1325048333333334
5,2021.12.27,01:15:00,1.13227,1.13251,1.13217,1.13251,318,0,7,EURUSD,2021-12-27 01:15:00,15,1,0,52,12,2021,27,-0.0002403358285812483,1.1323373845503146,1.1304826154496854,52.275772842117824,9.62767332401647,1.1316253333333333,1.1324906666666665
6,2021.12.27,01:30:00,1.1325,1.13253,1.13223,1.13229,183,0,7,EURUSD,2021-12-27 01:30:00,30,1,0,52,12,2021,27,-0.00019742831559180365,1.1324359804238404,1.1304390195761598,50.90249140293892,9.310369451500232,1.1316446666666666,1.1324731666666668
7,2021.12.27,01:45:00,1.13229,1.13238,1.13224,1.13225,148,0,7,EURUSD,2021-12-27 01:45:00,45,1,0,52,12,2021,27,-0.00015512294036319603,1.132507993121729,1.1305260068782712,50.65221603643304,9.003642374734538,1.1316629999999999,1.1324601666666667
8,2021.12.27,02:00:00,1.13226,1.13236,1.13159,1.1316,251,0,1,EURUSD,2021-12-27 02:00:00,0,2,0,52,12,2021,27,-0.00012542950490469366,1.1324987808078535,1.1306062191921469,46.78529699516672,8.922374664686382,1.1316366666666666,1.1324385
9,2021.12.27,02:15:00,1.13162,1.13213,1.1316,1.13208,186,0,0,EURUSD,2021-12-27 02:15:00,15,2,0,52,12,2021,27,-9.725356904147449e-05,1.1325547301042969,1.1306402698957032,49.71775898851733,8.843815878306497,1.131635333333333,1.1324250000000002
10,2021.12.27,02:30:00,1.13208,1.1322,1.1319,1.13194,148,0,0,EURUSD,2021-12-27 02:30:00,30,2,0,52,12,2021,27,-7.351775931956533e-05,1.1325871493054525,1.1306738506945475,48.90462753612153,8.741732985572604,1.131635,1.1324068333333335
11,2021.12.27,02:45:00,1.13194,1.13199,1.13133,1.13178,464,0,1,EURUSD,2021-12-27 02:45:00,45,2,0,52,12,2021,27,-5.6194349718767045e-05,1.1325931814786885,1.1307308185213114,47.976949969679865,8.821930862438048,1.1316266666666666,1.1323876666666666
12,2021.12.27,03:00:00,1.13176,1.13207,1.13161,1.13202,315,0,0,EURUSD,2021-12-27 03:00:00,0,3,0,52,12,2021,27,-3.9841091922945994e-05,1.1326118802014404,1.1308051197985591,49.464455416915136,8.86951302941777,1.1316270000000002,1.1323718333333332
13,2021.12.27,03:15:00,1.13202,1.1323,1.13186,1.13227,250,0,1,EURUSD,2021-12-27 03:15:00,15,3,0,52,12,2021,27,-2.0873761383504294e-05,1.132667629073932,1.130853370926068,50.97499606055706,8.827768984981551,1.13162,1.1323569999999998
14,2021.12.27,03:30:00,1.13226,1.1323,1.13179,1.13202,413,0,0,EURUSD,2021-12-27 03:30:00,30,3,0,52,12,2021,27,-5.203307964375726e-06,1.1326735278253648,1.1309314721746353,49.4460562790391,8.81045045523276,1.1316103333333334,1.1323386666666666
15,2021.12.27,03:45:00,1.13203,1.13214,1.13176,1.13184,350,0,0,EURUSD,2021-12-27 03:45:00,45,3,0,52,12,2021,27,4.719320204057375e-06,1.132678566736474,1.130961433263526,48.3655554295543,8.803959758462172,1.1316096666666666,1.1323174999999999
16,2021.12.27,04:00:00,1.13181,1.13192,1.13165,1.13191,255,0,1,EURUSD,2021-12-27 04:00:00,0,4,0,52,12,2021,27,1.1625215125776278e-05,1.1326867150138402,1.1309932849861597,48.81552228176234,8.836149431220722,1.1316153333333332,1.1322964999999998
17,2021.12.27,04:15:00,1.13191,1.13191,1.13168,1.13178,198,0,1,EURUSD,2021-12-27 04:15:00,15,4,0,52,12,2021,27,1.417769137806742e-05,1.1326501499881836,1.1310958500118162,48.01170614504947,8.86726611488732,1.1316526666666666,1.132268
18,2021.12.27,04:30:00,1.13178,1.13198,1.13178,1.13197,282,0,0,EURUSD,2021-12-27 04:30:00,30,4,0,52,12,2021,27,1.686674933005576e-05,1.1326558619770335,1.1310991380229667,49.27457422651927,8.863980362638829,1.1316886666666666,1.1322348333333332
19,2021.12.27,04:45:00,1.13197,1.13203,1.13186,1.13191,323,0,1,EURUSD,2021-12-27 04:45:00,45,4,0,52,12,2021,27,1.850474149330429e-05,1.1326518226647835,1.1310971773352163,48.88663519760897,8.835994434509907,1.131713,1.1322071666666669
20,2021.12.27,05:00:00,1.13188,1.132,1.13184,1.13195,136,0,0,EURUSD,2021-12-27 05:00:00,0,5,0,52,12,2021,27,1.999408031598061e-05,1.1326579543970605,1.1311290456029393,49.162664616372176,8.817643127461814,1.1317353333333335,1.1321768333333333
21,2021.12.27,05:15:00,1.13199,1.13215,1.13184,1.13213,216,0,0,EURUSD,2021-12-27 05:15:00,15,5,0,52,12,2021,27,2.4138396821034658e-05,1.1326110069394297,1.1312819930605702,50.409348888155726,8.721685271138968,1.131768,1.1321443333333332
22,2021.12.27,05:30:00,1.13213,1.13231,1.1321,1.13216,161,0,0,EURUSD,2021-12-27 05:30:00,30,5,0,52,12,2021,27,3.0153166172125784e-05,1.13257962551666,1.13140237448334,50.61814054798876,8.545601364301447,1.1318036666666667,1.1321118333333333
23,2021.12.27,05:45:00,1.13217,1.13242,1.13207,1.13241,186,0,0,EURUSD,2021-12-27 05:45:00,45,5,0,52,12,2021,27,4.094487380565084e-05,1.1325171002012837,1.1315918997987167,52.347714293154844,8.317843305655227,1.131843,1.1320845000000002
24,2021.12.27,06:00:00,1.13241,1.13252,1.13238,1.13242,176,0,0,EURUSD,2021-12-27 06:00:00,0,6,0,52,12,2021,27,5.4231177173200464e-05,1.1325437774097473,1.1315802225902525,52.41667626450766,8.044976033399914,1.1318843333333333,1.132055
25,2021.12.27,06:15:00,1.13237,1.13245,1.13226,1.13235,184,0,0,EURUSD,2021-12-27 06:15:00,15,6,0,52,12,2021,27,6.71441419018917e-05,1.1325090257354389,1.131598974264561,51.87306414543052,7.845398609945661,1.1319130000000002,1.132029
26,2021.12.27,06:30:00,1.13235,1.13235,1.1319,1.13195,186,0,0,EURUSD,2021-12-27 06:30:00,30,6,0,52,12,2021,27,7.261138479277051e-05,1.1324801513925906,1.1315938486074093,48.87662105424161,7.834818797582892,1.1319276666666667,1.1319998333333336
27,2021.12.27,06:45:00,1.13194,1.13198,1.13179,1.1319,171,0,0,EURUSD,2021-12-27 06:45:00,45,6,0,52,12,2021,27,7.216197474530208e-05,1.1324548087215665,1.1315841912784335,48.51423904801171,7.880116327617779,1.1319536666666667,1.1319629999999998
28,2021.12.27,07:00:00,1.1319,1.13191,1.13176,1.13179,154,0,0,EURUSD,2021-12-27 07:00:00,0,7,0,52,12,2021,27,6.610822258572775e-05,1.1324329228677252,1.1316250771322747,47.709206241181384,7.940646338253705,1.1319506666666663,1.13193
29,2021.12.27,07:15:00,1.1318,1.13182,1.13169,1.1318,145,0,0,EURUSD,2021-12-27 07:15:00,15,7,0,52,12,2021,27,5.686799520398354e-05,1.1324307175140564,1.1315992824859435,47.79068097601321,8.041619450134109,1.1319450000000002,1.1319006666666667
30,2021.12.27,07:30:00,1.1318,1.1318,1.13151,1.13154,295,0,0,EURUSD,2021-12-27 07:30:00,30,7,0,52,12,2021,27,4.18371730609599e-05,1.132461318164392,1.131528681835608,45.86843802356807,8.25890929511016,1.131944,1.1318686666666666
31,2021.12.27,07:45:00,1.13154,1.13162,1.13141,1.13155,395,0,0,EURUSD,2021-12-27 07:45:00,45,7,0,52,12,2021,27,2.4029047617282004e-05,1.1324823523660106,1.1314846476339895,45.95492905148605,8.539391716311712,1.13196,1.1318486666666665
32,2021.12.27,08:00:00,1.13152,1.13161,1.13135,1.13145,246,0,0,EURUSD,2021-12-27 08:00:00,0,8,0,52,12,2021,27,3.763484976861363e-06,1.1325073347563535,1.1314026652436466,45.20769590339295,8.853671187338657,1.131966,1.1318233333333332
33,2021.12.27,08:15:00,1.13145,1.13159,1.13132,1.13148,288,0,0,EURUSD,2021-12-27 08:15:00,15,8,0,52,12,2021,27,-1.6509942674075393e-05,1.1324856883335443,1.1313453116664558,45.482803167667925,9.180236236650885,1.1319773333333332,1.1318013333333332
34,2021.12.27,08:30:00,1.13148,1.13203,1.13145,1.13201,258,0,0,EURUSD,2021-12-27 08:30:00,30,8,0,52,12,2021,27,-2.7232063428672538e-05,1.1324848199151574,1.1313451800848422,50.06491959359152,9.02391165512688,1.1319686666666666,1.131791
35,2021.12.27,08:45:00,1.13199,1.13201,1.13166,1.13167,130,0,0,EURUSD,2021-12-27 08:45:00,45,8,0,52,12,2021,27,-3.676797281622501e-05,1.1324860197639108,1.131326980236089,47.41995395188771,8.872797892987009,1.1319406666666665,1.131783
36,2021.12.27,09:00:00,1.13169,1.132,1.13167,1.13182,288,0,0,EURUSD,2021-12-27 09:00:00,0,9,0,52,12,2021,27,-4.258353573162301e-05,1.1324828016229185,1.1313211983770814,48.65788335894344,8.7267212562518,1.131925,1.1317848333333334
37,2021.12.27,09:15:00,1.13181,1.13226,1.13176,1.13226,308,0,0,EURUSD,2021-12-27 09:15:00,15,9,0,52,12,2021,27,-3.8645396623958496e-05,1.1325249605021017,1.1313270394978983,52.0813357696671,8.52898156012706,1.1319253333333334,1.1317941666666667
38,2021.12.27,09:30:00,1.13225,1.1327,1.13217,1.13265,357,0,0,EURUSD,2021-12-27 09:30:00,30,9,0,52,12,2021,27,-2.2489966910032154e-05,1.132641051817274,1.1312789481827257,54.842280513308076,8.698006696047312,1.1319603333333335,1.1317985
39,2021.12.27,09:45:00,1.13266,1.13307,1.13263,1.13299,386,0,1,EURUSD,2021-12-27 09:45:00,45,9,0,52,12,2021,27,5.951890154803586e-06,1.1328352032243627,1.1311927967756374,57.072883579035796,9.117487599246026,1.1319906666666668,1.131813
40,2021.12.27,10:00:00,1.133,1.13342,1.13226,1.13284,955,0,0,EURUSD,2021-12-27 10:00:00,0,10,0,52,12,2021,27,3.819694475547728e-05,1.1329578395230981,1.131159160476902,55.81461365753423,9.208106629480067,1.1320206666666666,1.1318278333333331
41,2021.12.27,10:15:00,1.13277,1.13287,1.13181,1.13188,872,0,0,EURUSD,2021-12-27 10:15:00,15,10,0,52,12,2021,27,5.573213296704953e-05,1.1329481004722413,1.131143899527759,48.70536031571518,8.974133920973117,1.1320240000000001,1.1318253333333332
42,2021.12.27,10:30:00,1.13185,1.13203,1.13135,1.13151,762,0,0,EURUSD,2021-12-27 10:30:00,30,10,0,52,12,2021,27,5.7098079654277214e-05,1.1329446741308795,1.13108232586912,46.351433348638004,8.881614891442258,1.132007,1.131817
43,2021.12.27,10:45:00,1.13152,1.13153,1.13101,1.13121,713,0,1,EURUSD,2021-12-27 10:45:00,45,10,0,52,12,2021,27,4.33413909622391e-05,1.1329306122862386,1.1309763877137615,44.545655324038144,8.975580674423822,1.1319716666666666,1.1317958333333331
44,2021.12.27,11:00:00,1.13123,1.13129,1.13028,1.131,791,0,1,EURUSD,2021-12-27 11:00:00,0,11,0,52,12,2021,27,1.7378064594143967e-05,1.1329213024476223,1.130843697552378,43.3234462931337,9.392804104177957,1.1319376666666667,1.1317739999999998
45,2021.12.27,11:15:00,1.131,1.13112,1.13057,1.13093,629,0,0,EURUSD,2021-12-27 11:15:00,15,11,0,52,12,2021,27,-1.6031522558027492e-05,1.132908256461443,1.130714743538557,42.91740000746691,9.796120086273623,1.1319073333333334,1.1317585000000001
46,2021.12.27,11:30:00,1.13094,1.13116,1.13068,1.13104,419,0,1,EURUSD,2021-12-27 11:30:00,30,11,0,52,12,2021,27,-5.0565371108704295e-05,1.132912920819978,1.1306190791800221,43.774057449365216,10.160645197501252,1.1318783333333333,1.1317468333333334
47,2021.12.27,11:45:00,1.13103,1.13116,1.13059,1.13088,423,0,1,EURUSD,2021-12-27 11:45:00,45,11,0,52,12,2021,27,-8.643102136147925e-05,1.1329257674812359,1.1305042325187642,42.80739945811063,10.54993733433678,1.1318483333333333,1.1317505
48,2021.12.27,12:00:00,1.13086,1.13184,1.13072,1.13166,763,0,1,EURUSD,2021-12-27 12:00:00,0,12,0,52,12,2021,27,-0.00010860984424311216,1.1329189679386338,1.1304980320613662,48.53848019773277,10.551391132380756,1.131838,1.1317633333333332
49,2021.12.27,12:15:00,1.13166,1.13191,1.13144,1.13181,406,0,1,EURUSD,2021-12-27 12:15:00,15,12,0,52,12,2021,27,-0.000118406672144475,1.1329196353264375,1.1304983646735627,49.54431510006222,10.517694909005531,1.1318346666666668,1.1317738333333334
50,2021.12.27,12:30:00,1.13183,1.13234,1.13181,1.13209,460,0,1,EURUSD,2021-12-27 12:30:00,30,12,0,52,12,2021,27,-0.00011519203033999014,1.1329559265256717,1.1305170734743286,51.37939297592139,10.281980627378628,1.1318393333333332,1.131787333333333
51,2021.12.27,12:45:00,1.13205,1.13217,1.13178,1.13206,349,0,0,EURUSD,2021-12-27 12:45:00,45,12,0,52,12,2021,27,-0.00010420665477379395,1.1329863253776904,1.1305376746223095,51.17310560163918,10.066922272429716,1.1318370000000002,1.1318025
52,2021.12.27,13:00:00,1.13203,1.1321,1.13116,1.13166,528,0,0,EURUSD,2021-12-27 13:00:00,0,13,0,52,12,2021,27,-9.507086370624306e-05,1.1329891368653113,1.1305558631346884,48.48789119298666,10.098786054474733,1.1318203333333334,1.131812
53,2021.12.27,13:15:00,1.13166,1.13191,1.13144,1.1319,473,0,0,EURUSD,2021-12-27 13:15:00,15,13,0,52,12,2021,27,-8.352752407567321e-05,1.133003359060488,1.1305836409395122,50.112697960384274,10.129587710451585,1.1318033333333335,1.1318231666666667
54,2021.12.27,13:30:00,1.1319,1.13211,1.13139,1.1315,365,0,0,EURUSD,2021-12-27 13:30:00,30,13,0,52,12,2021,27,-7.727169084417299e-05,1.1329801420791024,1.1305558579208979,47.52797665687494,10.070313749964514,1.1317726666666665,1.1318285000000001
55,2021.12.27,13:45:00,1.13155,1.1319,1.1314,1.13148,360,0,0,EURUSD,2021-12-27 13:45:00,45,13,0,52,12,2021,27,-7.480087580808637e-05,1.132976838384822,1.1305401616151778,47.4015171625598,10.013015588160345,1.1317436666666665,1.1318283333333334
56,2021.12.27,14:00:00,1.13151,1.13151,1.13047,1.13069,667,0,1,EURUSD,2021-12-27 14:00:00,0,14,0,52,12,2021,27,-8.726546333326982e-05,1.1330098483732083,1.1303941516267921,42.753244979550544,10.268243348684422,1.1317016666666668,1.1318146666666666
57,2021.12.27,14:15:00,1.1307,1.13096,1.13035,1.13051,598,0,1,EURUSD,2021-12-27 14:15:00,15,14,0,52,12,2021,27,-0.00011111075679104904,1.1329971819853357,1.1302318180146642,41.78738716942541,10.550807219091702,1.1316553333333335,1.1318045
58,2021.12.27,14:30:00,1.13052,1.13099,1.1305,1.13088,591,0,1,EURUSD,2021-12-27 14:30:00,30,14,0,52,12,2021,27,-0.00013468286876765887,1.132855161191345,1.130196838808655,44.45569614132217,10.810889783571985,1.1316249999999999,1.1317878333333335
59,2021.12.27,14:45:00,1.13088,1.13182,1.13077,1.13135,801,0,0,EURUSD,2021-12-27 14:45:00,45,14,0,52,12,2021,27,-0.00014904252182334473,1.132581391289868,1.1303066087101323,47.61125585024396,10.737700525505002,1.1316099999999998,1.1317774999999999
60,2021.12.27,15:00:00,1.13137,1.13137,1.13058,1.13114,826,0,0,EURUSD,2021-12-27 15:00:00,0,15,0,52,12,2021,27,-0.00015988595665600947,1.132293032569566,1.130424967430434,46.393012247581794,10.723635483004792,1.1315966666666666,1.1317703333333333
61,2021.12.27,15:15:00,1.13114,1.13127,1.13095,1.1311,610,0,1,EURUSD,2021-12-27 15:15:00,15,15,0,52,12,2021,27,-0.00016823082745647783,1.1322271876721999,1.1304128123278003,46.16027982584709,10.710039275254589,1.1315816666666667,1.1317708333333334
62,2021.12.27,15:30:00,1.13109,1.1313,1.13105,1.13118,549,0,1,EURUSD,2021-12-27 15:30:00,30,15,0,52,12,2021,27,-0.0001729124094484511,1.1322081377576645,1.1303988622423355,46.71334464197163,10.685431636357974,1.1315726666666668,1.1317693333333334
63,2021.12.27,15:45:00,1.13118,1.13142,1.1309,1.13118,595,0,1,EURUSD,2021-12-27 15:45:00,45,15,0,52,12,2021,27,-0.00017465839436328585,1.1322073897090337,1.1303966102909664,46.71334464197163,10.708652734663275,1.1315626666666667,1.13177
64,2021.12.27,16:00:00,1.13118,1.13147,1.13105,1.13134,735,0,1,EURUSD,2021-12-27 16:00:00,0,16,0,52,12,2021,27,-0.00017152208812458685,1.1322132129729614,1.1304247870270385,47.85971034908848,10.710984144789002,1.1315403333333334,1.1317545
65,2021.12.27,16:15:00,1.13134,1.13205,1.13134,1.13176,611,0,0,EURUSD,2021-12-27 16:15:00,15,16,0,52,12,2021,27,-0.00015839827849703148,1.1322557382799299,1.1304652617200701,50.737591970907054,10.491793496035529,1.1315433333333333,1.131742
66,2021.12.27,16:30:00,1.13175,1.13302,1.13172,1.13237,1054,0,0,EURUSD,2021-12-27 16:30:00,30,16,0,52,12,2021,27,-0.00012960925157263486,1.13241480138583,1.13043919861417,54.51000452461686,10.316211027730958,1.1315616666666666,1.1317433333333333
67,2021.12.27,16:45:00,1.13237,1.13311,1.13227,1.13296,891,0,1,EURUSD,2021-12-27 16:45:00,45,16,0,52,12,2021,27,-8.280222718051837e-05,1.1326980367328134,1.1303639632671867,57.747446117948336,10.173057275150914,1.131585,1.1317551666666668
68,2021.12.27,17:00:00,1.13294,1.13303,1.13243,1.13297,766,0,1,EURUSD,2021-12-27 17:00:00,0,17,0,52,12,2021,27,-2.6807305421373264e-05,1.132929297216362,1.1302637027836382,57.80010464023355,10.034675314323538,1.1315956666666664,1.131778
69,2021.12.27,17:15:00,1.13295,1.13301,1.13257,1.13262,841,0,1,EURUSD,2021-12-27 17:15:00,15,17,0,52,12,2021,27,2.6488119769973366e-05,1.1330442608701947,1.1302297391298053,55.30454568769758,9.900906085523742,1.1315833333333332,1.1317869999999999
70,2021.12.27,17:30:00,1.13262,1.13264,1.13198,1.13218,713,0,0,EURUSD,2021-12-27 17:30:00,30,17,0,52,12,2021,27,6.821740375265456e-05,1.133055419896094,1.130227580103906,52.3643078296407,9.577604061979812,1.1315613333333334,1.131791
71,2021.12.27,17:45:00,1.13218,1.13233,1.13128,1.13188,1063,0,0,EURUSD,2021-12-27 17:45:00,45,17,0,52,12,2021,27,9.556793042990958e-05,1.1330374667532843,1.1302275332467158,50.471696758298286,9.488742687691092,1.1315613333333334,1.1317926666666667
72,2021.12.27,18:00:00,1.13189,1.13257,1.13182,1.13238,616,0,1,EURUSD,2021-12-27 18:00:00,0,18,0,52,12,2021,27,0.00012023176012036359,1.1331127812814465,1.1302242187185534,53.377042582340444,9.320121322598663,1.1315903333333333,1.1317986666666668
73,2021.12.27,18:15:00,1.13239,1.13277,1.13227,1.13275,455,0,0,EURUSD,2021-12-27 18:15:00,15,18,0,52,12,2021,27,0.00014754780288338205,1.1332319539938844,1.1301900460061154,55.38069401574733,9.088763758750572,1.1316416666666667,1.1318066666666666
74,2021.12.27,18:30:00,1.13275,1.13301,1.13248,1.13296,557,0,0,EURUSD,2021-12-27 18:30:00,30,18,0,52,12,2021,27,0.00017810838538093686,1.1333995220759323,1.130168477924068,56.47884879265483,8.78964203184354,1.1317069999999998,1.1318223333333333
75,2021.12.27,18:45:00,1.13296,1.13315,1.13255,1.13282,369,0,0,EURUSD,2021-12-27 18:45:00,45,18,0,52,12,2021,27,0.00020646098302188741,1.133523576329445,1.130178423670555,55.5362021628269,8.548615026470879,1.13177,1.1318386666666669
76,2021.12.27,19:00:00,1.13282,1.1329,1.13263,1.13274,231,0,0,EURUSD,2021-12-27 19:00:00,0,19,0,52,12,2021,27,0.00023019644889229134,1.1335770409640733,1.1303299590359268,54.9936260775275,8.315622254610636,1.1318266666666665,1.1318525000000002
77,2021.12.27,19:15:00,1.13275,1.13288,1.13254,1.13268,215,0,0,EURUSD,2021-12-27 19:15:00,15,19,0,52,12,2021,27,0.00024831180444745817,1.1335649178633984,1.1305590821366014,54.57991056017562,8.056309933760527,1.1318866666666667,1.1318674999999998
78,2021.12.27,19:30:00,1.13268,1.13279,1.13231,1.13242,289,0,0,EURUSD,2021-12-27 19:30:00,30,19,0,52,12,2021,27,0.0002572408458854568,1.133541372425537,1.130736627574463,52.799323684219765,7.859696088604467,1.131912,1.131875
79,2021.12.27,19:45:00,1.13242,1.13272,1.13242,1.1327,270,0,0,EURUSD,2021-12-27 19:45:00,45,19,0,52,12,2021,27,0.00026382494104159525,1.1335786021133198,1.1308343978866804,54.454645266684224,7.669636038286942,1.1319416666666666,1.1318881666666665
80,2021.12.27,20:00:00,1.13269,1.13277,1.13244,1.13271,403,0,0,EURUSD,2021-12-27 20:00:00,0,20,0,52,12,2021,27,0.00026815235390226835,1.1335775291400167,1.1309924708599832,54.51358133034209,7.464387472322567,1.1319623333333333,1.1319008333333334
81,2021.12.27,20:15:00,1.1327,1.13297,1.13269,1.1327,307,0,0,EURUSD,2021-12-27 20:15:00,15,20,0,52,12,2021,27,0.0002700677542707245,1.133541569499993,1.131188430500007,54.440705412474514,7.251924809356892,1.1319836666666665,1.1319103333333334
82,2021.12.27,20:30:00,1.1327,1.1327,1.13249,1.1325,190,0,1,EURUSD,2021-12-27 20:30:00,30,20,0,52,12,2021,27,0.0002665645212531625,1.1334674290916382,1.1313945709083617,52.97547003972636,7.064470131256185,1.1320116666666666,1.1319160000000001
83,2021.12.27,20:45:00,1.13249,1.13261,1.13245,1.13253,213,0,0,EURUSD,2021-12-27 20:45:00,45,20,0,52,12,2021,27,0.0002597197170834397,1.1333514891705925,1.1316455108294077,53.17104472300254,6.9017368428455645,1.1320326666666667,1.1319179999999998
84,2021.12.27,21:00:00,1.13253,1.13261,1.13231,1.13233,177,0,0,EURUSD,2021-12-27 21:00:00,0,21,0,52,12,2021,27,0.0002473564598356237,1.1332118515995293,1.131884148400471,51.68847910666387,6.811217786560488,1.1320603333333337,1.1319165
85,2021.12.27,21:15:00,1.13233,1.13266,1.13215,1.13262,231,0,0,EURUSD,2021-12-27 21:15:00,15,21,0,52,12,2021,27,0.0002362454507026701,1.1331417086333322,1.1320402913666676,53.62796293846967,6.799188727534824,1.1320983333333332,1.131921
86,2021.12.27,21:30:00,1.13262,1.13279,1.13246,1.13256,265,0,0,EURUSD,2021-12-27 21:30:00,30,21,0,52,12,2021,27,0.0002250060677599066,1.1331416284494704,1.1320593715505298,53.17109824834187,6.715439403379254,1.1321606666666666,1.1319311666666667
87,2021.12.27,21:45:00,1.1326,1.1327,1.13244,1.13253,389,0,0,EURUSD,2021-12-27 21:45:00,45,21,0,52,12,2021,27,0.00021328394280508542,1.133093501290353,1.132064498709647,52.937829967249975,6.644999075062719,1.132228,1.1319416666666668
88,2021.12.27,22:00:00,1.13253,1.13277,1.13237,1.13277,331,0,0,EURUSD,2021-12-27 22:00:00,0,22,0,52,12,2021,27,0.0002052166802498588,1.1330586787334425,1.1320793212665574,54.58666313914788,6.53554507852606,1.132291,1.131958
89,2021.12.27,22:15:00,1.13277,1.13277,1.13247,1.13269,164,0,0,EURUSD,2021-12-27 22:15:00,15,22,0,52,12,2021,27,0.00019811903027226564,1.13306470769994,1.13208029230006,53.93506775619271,6.429739548540625,1.1323356666666666,1.1319728333333332
90,2021.12.27,22:30:00,1.13272,1.13274,1.13263,1.13268,215,0,0,EURUSD,2021-12-27 22:30:00,30,22,0,52,12,2021,27,0.00019139008770901884,1.1330553611590115,1.1321396388409883,53.85194381903627,6.327460869554705,1.132387,1.1319918333333334
91,2021.12.27,22:45:00,1.13268,1.13304,1.1326,1.13272,419,0,0,EURUSD,2021-12-27 22:45:00,45,22,0,52,12,2021,27,0.00018544694601234536,1.1329509296387246,1.1323280703612755,54.14437972632528,6.204047243735032,1.1324409999999998,1.1320113333333335
92,2021.12.27,23:00:00,1.13272,1.13279,1.13236,1.13247,215,0,5,EURUSD,2021-12-27 23:00:00,0,23,0,52,12,2021,27,0.00017589660329301451,1.1329419508947216,1.1323460491052788,52.01332229738558,6.064339352313883,1.1324840000000003,1.1320283333333334
93,2021.12.27,23:15:00,1.13247,1.13256,1.13237,1.13254,111,0,5,EURUSD,2021-12-27 23:15:00,15,23,0,52,12,2021,27,0.00016530188678001712,1.1329305220599333,1.1323364779400669,52.55422678854339,5.929288390606773,1.1325293333333335,1.1320459999999999
94,2021.12.27,23:30:00,1.13254,1.13264,1.13243,1.13263,117,0,5,EURUSD,2021-12-27 23:30:00,30,23,0,52,12,2021,27,0.00015566711055134964,1.1328712356943833,1.1323627643056167,53.25504022676438,5.742719082504389,1.1325723333333333,1.1320563333333336
95,2021.12.27,23:45:00,1.13262,1.13276,1.13256,1.13264,126,0,7,EURUSD,2021-12-27 23:45:00,45,23,0,52,12,2021,27,0.00014694382451277302,1.1328440731351537,1.1323719268648464,53.33426914233041,5.626695293258185,1.1326016666666667,1.1320725
96,2021.12.28,00:00:00,1.1326,1.13264,1.132,1.13238,88,0,14,EURUSD,2021-12-28 00:00:00,0,0,1,52,12,2021,28,0.00013476606908764313,1.132838278279537,1.132341721720463,51.00890215544912,5.759441813035597,1.1326019999999999,1.1320818333333333
97,2021.12.28,00:15:00,1.13226,1.13251,1.13216,1.13231,78,0,28,EURUSD,2021-12-28 00:15:00,15,0,1,52,12,2021,28,0.00011963752898874457,1.1328453631984394,1.1322976368015607,50.396922311510615,5.8877634488204285,1.1325803333333335,1.1320826666666666
98,2021.12.28,00:30:00,1.13239,1.13261,1.13237,1.13238,92,0,23,EURUSD,2021-12-28 00:30:00,30,0,1,52,12,2021,28,0.00010429668828128893,1.13284855667956,1.1322904433204404,51.005009808562946,5.927360058472542,1.1325606666666668,1.1320781666666666
99,2021.12.28,00:45:00,1.13238,1.13252,1.13238,1.13252,60,0,30,EURUSD,2021-12-28 00:45:00,45,0,1,52,12,2021,28,9.162287886878488e-05,1.132833377452516,1.1322876225474836,52.216959204187305,5.9656367811362525,1.1325573333333334,1.1320703333333335
100,2021.12.28,01:00:00,1.13247,1.1329,1.13247,1.13282,206,0,7,EURUSD,2021-12-28 01:00:00,0,1,1,52,12,2021,28,8.586259274682314e-05,1.1328554932030594,1.1322765067969405,54.70088709796642,5.85062841219684,1.1325786666666668,1.13207
101,2021.12.28,01:15:00,1.13283,1.13291,1.13277,1.13279,102,0,7,EURUSD,2021-12-28 01:15:00,15,1,1,52,12,2021,28,8.406320210737082e-05,1.1328713391752319,1.132269660824768,54.40830104356019,5.748045939506463,1.132609,1.1320851666666665
102,2021.12.28,01:30:00,1.13282,1.13291,1.13278,1.13286,100,0,7,EURUSD,2021-12-28 01:30:00,30,1,1,52,12,2021,28,8.576596312669621e-05,1.1329136736360217,1.1322633263639783,54.98943170659642,5.648882882572432,1.1326250000000002,1.1321076666666667
103,2021.12.28,01:45:00,1.13286,1.13295,1.13282,1.13294,127,0,7,EURUSD,2021-12-28 01:45:00,45,1,1,52,12,2021,28,9.065541870926644e-05,1.132968526002111,1.132249473997889,55.657655401583995,5.593054747932183,1.1326313333333333,1.1321365
104,2021.12.28,02:00:00,1.13294,1.13299,1.13276,1.13298,183,0,0,EURUSD,2021-12-28 02:00:00,0,2,1,52,12,2021,28,9.771747396761453e-05,1.1330121764781518,1.1322708235218484,55.99556234183375,5.471813716830026,1.132632,1.1321695
105,2021.12.28,02:15:00,1.13298,1.13302,1.13278,1.13297,155,0,0,EURUSD,2021-12-28 02:15:00,15,2,1,52,12,2021,28,0.00010538880595743104,1.1330574126383552,1.132260587361645,55.88542355931332,5.388418392181365,1.132637,1.1322035
106,2021.12.28,02:30:00,1.13297,1.13297,1.13242,1.13274,214,0,0,EURUSD,2021-12-28 02:30:00,30,2,1,52,12,2021,28,0.00010913015882343976,1.1330651265195197,1.1322708734804803,53.3869604069877,5.48964327907547,1.1326370000000001,1.1322318333333332
107,2021.12.28,02:45:00,1.13274,1.1331,1.13266,1.13308,301,0,0,EURUSD,2021-12-28 02:45:00,45,2,1,52,12,2021,28,0.00011538792072924878,1.133127068740489,1.132263931259511,56.36983885866475,5.44551973210276,1.1326503333333335,1.1322685
108,2021.12.28,03:00:00,1.13308,1.13314,1.1326,1.1326,328,0,0,EURUSD,2021-12-28 03:00:00,0,3,1,52,12,2021,28,0.00011497376478067722,1.133119086734567,1.132254913265433,51.5519294005545,5.4613025248428695,1.1326563333333333,1.1322841666666668
109,2021.12.28,03:15:00,1.1326,1.13267,1.13235,1.1326,216,0,0,EURUSD,2021-12-28 03:15:00,15,3,1,52,12,2021,28,0.00011013744224997188,1.1331163263039266,1.1322486736960735,51.5519294005545,5.705297372968235,1.1326530000000001,1.1322973333333333
110,2021.12.28,03:30:00,1.1326,1.13266,1.13203,1.13209,253,0,0,EURUSD,2021-12-28 03:30:00,30,3,1,52,12,2021,28,9.439514174971692e-05,1.1331613761546453,1.1321446238453545,46.985745340134315,6.189854440693758,1.1326323333333335,1.1322973333333335
111,2021.12.28,03:45:00,1.13209,1.13224,1.13195,1.13197,257,0,0,EURUSD,2021-12-28 03:45:00,45,3,1,52,12,2021,28,7.051274741043128e-05,1.1332069291334366,1.1320240708665634,45.99412555606849,6.715743549722093,1.1326080000000003,1.1322958333333333
112,2021.12.28,04:00:00,1.13197,1.13204,1.1318,1.13202,199,0,0,EURUSD,2021-12-28 04:00:00,0,4,1,52,12,2021,28,4.341726251082324e-05,1.1332394184719912,1.1319465815280088,46.4809801014634,7.32848562469646,1.132592,1.1323018333333332
113,2021.12.28,04:15:00,1.13202,1.13203,1.13181,1.13182,154,0,1,EURUSD,2021-12-28 04:15:00,15,4,1,52,12,2021,28,1.2438424872963075e-05,1.1332902149816764,1.1318237850183237,44.80946155353189,7.920802963838347,1.1325683333333332,1.1323005
114,2021.12.28,04:30:00,1.13182,1.13217,1.13181,1.13215,161,0,0,EURUSD,2021-12-28 04:30:00,30,4,1,52,12,2021,28,-1.4113853590433513e-05,1.1332872748339602,1.1317787251660398,48.00126336026778,8.334589710582783,1.1325623333333332,1.1323113333333332
115,2021.12.28,04:45:00,1.13212,1.13272,1.13211,1.13231,372,0,0,EURUSD,2021-12-28 04:45:00,45,4,1,52,12,2021,28,-3.391486132737998e-05,1.1332753433018257,1.1317576566981742,49.467064687475656,8.201786567703556,1.132552,1.1323251666666667
116,2021.12.28,05:00:00,1.13232,1.13237,1.13198,1.13212,165,0,0,EURUSD,2021-12-28 05:00:00,0,5,1,52,12,2021,28,-5.1400342023788166e-05,1.1332808714135605,1.1317261285864393,47.81140638114556,8.173113568142004,1.1325373333333333,1.132349
117,2021.12.28,05:15:00,1.13209,1.13209,1.13194,1.132,148,0,0,EURUSD,2021-12-28 05:15:00,15,5,1,52,12,2021,28,-6.831525557676494e-05,1.1332934707671463,1.1316825292328536,46.78824940481872,8.176083260629664,1.1325196666666668,1.1323738333333333
118,2021.12.28,05:30:00,1.132,1.13229,1.13196,1.13219,177,0,0,EURUSD,2021-12-28 05:30:00,30,5,1,52,12,2021,28,-8.079879766142795e-05,1.1332937564975074,1.1316632435024925,48.59023767176631,8.001354662722168,1.1325003333333332,1.1323956666666668
119,2021.12.28,05:45:00,1.13218,1.13265,1.13204,1.13257,313,0,0,EURUSD,2021-12-28 05:45:00,45,5,1,52,12,2021,28,-8.36035991889956e-05,1.1332970985485455,1.1316649014514542,51.95638661155729,7.916683014128722,1.1324963333333333,1.1324159999999999
120,2021.12.28,06:00:00,1.13256,1.13266,1.13242,1.13251,143,0,0,EURUSD,2021-12-28 06:00:00,0,6,1,52,12,2021,28,-8.096163675641906e-05,1.1332661175240941,1.1316648824759057,51.406595786838665,7.842108046165536,1.1324906666666668,1.132438833333333
121,2021.12.28,06:15:00,1.13247,1.13253,1.13232,1.13252,181,0,0,EURUSD,2021-12-28 06:15:00,15,6,1,52,12,2021,28,-7.470017212472235e-05,1.1332385608009377,1.1316654391990624,51.495090281787995,7.686002297678615,1.1324840000000003,1.1324625
122,2021.12.28,06:30:00,1.13252,1.13255,1.1324,1.13254,75,0,0,EURUSD,2021-12-28 06:30:00,30,6,1,52,12,2021,28,-6.600896483697865e-05,1.1332003201305694,1.1316716798694306,51.67716288739233,7.551408889389346,1.1324863333333333,1.1324851666666667
123,2021.12.28,06:45:00,1.13255,1.13273,1.13249,1.13272,138,0,0,EURUSD,2021-12-28 06:45:00,45,6,1,52,12,2021,28,-5.3228206717058265e-05,1.1331647154494837,1.1316852845505163,53.30893117524307,7.564877286625604,1.1324923333333332,1.1325108333333336
124,2021.12.28,07:00:00,1.13272,1.13275,1.13256,1.13263,133,0,0,EURUSD,2021-12-28 07:00:00,0,7,1,52,12,2021,28,-3.986876540894239e-05,1.1331074210473484,1.1317075789526512,52.39380854726378,7.5936135952631725,1.1324923333333332,1.1325323333333333
125,2021.12.28,07:15:00,1.13263,1.13289,1.13259,1.13261,141,0,0,EURUSD,2021-12-28 07:15:00,15,7,1,52,12,2021,28,-2.707516001633164e-05,1.1330456602812027,1.1317333397187972,52.187859613678306,7.729492893462515,1.1324913333333333,1.1325465
126,2021.12.28,07:30:00,1.13261,1.13272,1.13256,1.13272,198,0,0,EURUSD,2021-12-28 07:30:00,30,7,1,52,12,2021,28,-1.3490176027195081e-05,1.1330424684515943,1.1317345315484058,53.23377803382798,7.8303623525480175,1.1325026666666667,1.1325523333333334
127,2021.12.28,07:45:00,1.13272,1.13287,1.13258,1.13281,233,0,1,EURUSD,2021-12-28 07:45:00,45,7,1,52,12,2021,28,1.3453257017314007e-06,1.13297802744888,1.1317719725511202,54.083931638388314,8.049500472569099,1.1325193333333332,1.1325498333333333
128,2021.12.28,08:00:00,1.13281,1.13281,1.1325,1.13252,209,0,1,EURUSD,2021-12-28 08:00:00,0,8,1,52,12,2021,28,1.1557079312042885e-05,1.1329687818638388,1.1317732181361613,50.99390562831702,8.177295111518614,1.132524,1.1325423333333333
129,2021.12.28,08:15:00,1.13252,1.13264,1.13249,1.13258,156,0,0,EURUSD,2021-12-28 08:15:00,15,8,1,52,12,2021,28,1.9266364215912124e-05,1.1329662337928044,1.1317737662071958,51.585933228680176,8.290243937524956,1.132526,1.1325416666666668
130,2021.12.28,08:30:00,1.13258,1.13289,1.13257,1.13284,162,0,0,EURUSD,2021-12-28 08:30:00,30,8,1,52,12,2021,28,2.9107252968708177e-05,1.1330235955145493,1.1317914044854502,54.07309696690722,8.603283450930702,1.1325266666666667,1.1325526666666665
131,2021.12.28,08:45:00,1.13284,1.13285,1.13254,1.13255,215,0,0,EURUSD,2021-12-28 08:45:00,45,8,1,52,12,2021,28,3.5075192124161515e-05,1.1330196051172672,1.131853394882733,51.047209809226906,8.873103980559417,1.1325186666666665,1.1325638333333332
132,2021.12.28,09:00:00,1.13255,1.13271,1.13252,1.13265,209,0,0,EURUSD,2021-12-28 09:00:00,0,9,1,52,12,2021,28,3.9818290409034484e-05,1.1330237962509029,1.1319122037490967,52.005264595481194,9.11177999580553,1.1325116666666666,1.1325683333333332
133,2021.12.28,09:15:00,1.13264,1.13264,1.1322,1.13234,243,0,1,EURUSD,2021-12-28 09:15:00,15,9,1,52,12,2021,28,3.85084182315701e-05,1.1329642250288738,1.132023774971126,48.934057696765485,9.019440537434416,1.1324916666666667,1.1325615
134,2021.12.28,09:30:00,1.13234,1.13245,1.13206,1.13212,382,0,0,EURUSD,2021-12-28 09:30:00,30,9,1,52,12,2021,28,2.987558711323969e-05,1.132967512463981,1.1320174875360187,46.90064817495608,8.803082440922909,1.1324630000000002,1.1325475
135,2021.12.28,09:45:00,1.13213,1.13239,1.13167,1.13176,551,0,0,EURUSD,2021-12-28 09:45:00,45,9,1,52,12,2021,28,1.129373222251236e-05,1.133038061950258,1.1318919380497416,43.8183627922322,8.731878639681561,1.1324226666666668,1.1325298333333331
136,2021.12.28,10:00:00,1.13176,1.13227,1.13156,1.13225,878,0,1,EURUSD,2021-12-28 10:00:00,0,10,1,52,12,2021,28,-4.757963368241959e-06,1.133030870886181,1.1319121291138188,48.576856100944184,8.741207129514136,1.1324063333333332,1.1325216666666664
137,2021.12.28,10:15:00,1.13225,1.13309,1.1321,1.13256,923,0,0,EURUSD,2021-12-28 10:15:00,15,10,1,52,12,2021,28,-1.3425634413267848e-05,1.1330137383216596,1.1319852616783403,51.277654277390724,8.714359196028287,1.1323889999999999,1.1325196666666668
138,2021.12.28,10:30:00,1.13255,1.13266,1.13177,1.13182,843,0,0,EURUSD,2021-12-28 10:30:00,30,10,1,52,12,2021,28,-2.8786436356186165e-05,1.133064127682047,1.1318978723179527,45.39066391806765,8.47602266971339,1.132363,1.1325096666666667
139,2021.12.28,10:45:00,1.13182,1.13242,1.13159,1.13233,690,0,0,EURUSD,2021-12-28 10:45:00,45,10,1,52,12,2021,28,-3.9334762209993905e-05,1.1330542898507234,1.1318837101492765,49.5223385564576,8.245944910409207,1.1323539999999999,1.1325035
140,2021.12.28,11:00:00,1.13234,1.13267,1.13207,1.13238,595,0,1,EURUSD,2021-12-28 11:00:00,0,11,1,52,12,2021,28,-4.5426387935367466e-05,1.1330487593272898,1.1318762406727105,49.906719436671544,8.062882677890288,1.1323636666666665,1.1324980000000002
141,2021.12.28,11:15:00,1.13236,1.13292,1.13234,1.13252,568,0,0,EURUSD,2021-12-28 11:15:00,15,11,1,52,12,2021,28,-4.606815311385556e-05,1.1330487593272898,1.1318762406727105,50.987775587242616,8.019637005522988,1.1323819999999998,1.132495
142,2021.12.28,11:30:00,1.13256,1.13273,1.13229,1.13263,437,0,1,EURUSD,2021-12-28 11:30:00,30,11,1,52,12,2021,28,-4.140042449719894e-05,1.1330571329010815,1.1318768670989183,51.832683037855844,7.948199891835758,1.1324023333333335,1.1324971666666666
143,2021.12.28,11:45:00,1.13261,1.13308,1.13261,1.13303,353,0,0,EURUSD,2021-12-28 11:45:00,45,11,1,52,12,2021,28,-2.71733717552741e-05,1.1331153506923697,1.1318496493076304,54.766008179771546,8.054221230446078,1.1324426666666667,1.1325055
144,2021.12.28,12:00:00,1.13303,1.13329,1.13281,1.1329,599,0,1,EURUSD,2021-12-28 12:00:00,0,12,1,52,12,2021,28,-9.71266592352513e-06,1.1331531517479887,1.1318388482520116,53.66719647872847,8.254974507880226,1.1324676666666667,1.132515
145,2021.12.28,12:15:00,1.13289,1.13319,1.13285,1.13313,429,0,1,EURUSD,2021-12-28 12:15:00,15,12,1,52,12,2021,28,1.2551164766268055e-05,1.1332367645905355,1.131807235409465,55.30833946265449,8.4490360093999,1.132495,1.1325235
146,2021.12.28,12:30:00,1.13313,1.13329,1.13303,1.13313,453,0,1,EURUSD,2021-12-28 12:30:00,30,12,1,52,12,2021,28,3.6629787627827526e-05,1.1333032164205623,1.1317817835794377,55.308339462654494,8.685757025452395,1.1325286666666667,1.1325329999999998
147,2021.12.28,12:45:00,1.13314,1.13315,1.13281,1.133,337,0,1,EURUSD,2021-12-28 12:45:00,45,12,1,52,12,2021,28,5.842608509631377e-05,1.1333313006303811,1.1317726993696189,54.14821648794881,8.77165929906527,1.1325619999999998,1.1325408333333333
148,2021.12.28,13:00:00,1.13302,1.13306,1.13258,1.13299,335,0,0,EURUSD,2021-12-28 13:00:00,0,13,1,52,12,2021,28,7.735655826856657e-05,1.1333787165591747,1.1317722834408257,54.0579860274184,8.713233118462249,1.1325886666666667,1.1325445
149,2021.12.28,13:15:00,1.13299,1.13329,1.13299,1.13319,500,0,1,EURUSD,2021-12-28 13:15:00,15,13,1,52,12,2021,28,9.65129935543506e-05,1.1334549597342651,1.1317570402657349,55.58911473798955,8.777252396753955,1.1326093333333334,1.1325528333333332
150,2021.12.28,13:30:00,1.1332,1.1333,1.13298,1.13326,358,0,1,EURUSD,2021-12-28 13:30:00,30,13,1,52,12,2021,28,0.00011570368200498119,1.1335199690269175,1.1317340309730826,56.118623576054134,8.844304132347728,1.132634333333333,1.1325625
151,2021.12.28,13:45:00,1.13325,1.13329,1.13287,1.13323,402,0,1,EURUSD,2021-12-28 13:45:00,45,13,1,52,12,2021,28,0.0001331674875017224,1.1335925725238767,1.1317294274761232,55.82353824938962,8.838814541005418,1.132658,1.132571
152,2021.12.28,14:00:00,1.13323,1.13329,1.13289,1.13317,465,0,1,EURUSD,2021-12-28 14:00:00,0,14,1,52,12,2021,28,0.0001473726540782256,1.1336459050767351,1.1317280949232653,55.22276305993668,8.833507936041183,1.132679,1.1325826666666667
153,2021.12.28,14:15:00,1.13319,1.13329,1.13306,1.13324,487,0,0,EURUSD,2021-12-28 14:15:00,15,14,1,52,12,2021,28,0.00015957162763272377,1.1337066815938257,1.131757318406174,55.79690249684863,8.82837821790909,1.1326963333333333,1.1325943333333333
154,2021.12.28,14:30:00,1.13325,1.13328,1.13316,1.13322,339,0,1,EURUSD,2021-12-28 14:30:00,30,14,1,52,12,2021,28,0.00016919088357940886,1.1337401797195494,1.1318338202804505,55.58624223676266,8.823419490381402,1.1327159999999998,1.1326041666666666
155,2021.12.28,14:45:00,1.13322,1.13324,1.13264,1.13281,674,0,0,EURUSD,2021-12-28 14:45:00,45,14,1,52,12,2021,28,0.0001697620344263503,1.1336610896010135,1.1320179103989865,51.465584414128585,8.567421327263066,1.1327226666666668,1.132607
156,2021.12.28,15:00:00,1.13286,1.13327,1.13249,1.13307,663,0,0,EURUSD,2021-12-28 15:00:00,0,15,1,52,12,2021,28,0.00016839329374883304,1.1336589322969353,1.1321020677030647,53.716396059111744,8.402684924205499,1.1327343333333333,1.1326185
157,2021.12.28,15:15:00,1.13307,1.13316,1.13275,1.1328,587,0,0,EURUSD,2021-12-28 15:15:00,15,15,1,52,12,2021,28,0.0001611889236072246,1.1336574114147993,1.132127588585201,51.16724788611518,8.243439734583186,1.1327340000000001,1.1326266666666667
158,2021.12.28,15:30:00,1.1328,1.13318,1.13253,1.13304,624,0,0,EURUSD,2021-12-28 15:30:00,30,15,1,52,12,2021,28,0.00015416623662693995,1.133529558292794,1.132377441707206,53.20908225938528,8.207482692144726,1.1327513333333334,1.1326376666666667
159,2021.12.28,15:45:00,1.13303,1.13317,1.13211,1.13215,790,0,0,EURUSD,2021-12-28 15:45:00,45,15,1,52,12,2021,28,0.000133074759750986,1.1335654491875664,1.1323235508124336,45.85398505653271,8.370167930717136,1.1327369999999999,1.1326315
160,2021.12.28,16:00:00,1.13214,1.13229,1.13138,1.13181,1105,0,0,EURUSD,2021-12-28 16:00:00,0,16,1,52,12,2021,28,9.854308227578535e-05,1.1336815311185977,1.1321504688814024,43.47882638279938,8.815474042171546,1.1327026666666666,1.1326146666666665
161,2021.12.28,16:15:00,1.13181,1.13188,1.13078,1.13092,1146,0,0,EURUSD,2021-12-28 16:15:00,15,16,1,52,12,2021,28,4.297352522194178e-05,1.134004253757073,1.131667746242927,38.13045153582627,9.440271896786301,1.1326483333333333,1.1325835
162,2021.12.28,16:30:00,1.13096,1.13119,1.13032,1.13034,1160,0,1,EURUSD,2021-12-28 16:30:00,30,16,1,52,12,2021,28,-3.2220625785435874e-05,1.1343377500454275,1.1311052499545728,35.210488714922974,10.17387717170402,1.1325713333333334,1.1325414999999999
163,2021.12.28,16:45:00,1.13034,1.13095,1.12921,1.13064,1623,0,0,EURUSD,2021-12-28 16:45:00,45,16,1,52,12,2021,28,-0.0001109135283330224,1.1344578652398003,1.1307461347601995,37.76075882355755,11.136260341262698,1.1325146666666666,1.1325031666666667
164,2021.12.28,17:00:00,1.13063,1.13082,1.12939,1.12959,1462,0,0,EURUSD,2021-12-28 17:00:00,0,17,1,52,12,2021,28,-0.00020417351096408022,1.1347212621087486,1.1301517378912516,33.05044266259223,12.066564071836087,1.1324303333333332,1.1324466666666666
165,2021.12.28,17:15:00,1.12957,1.12996,1.12942,1.12953,880,0,0,EURUSD,2021-12-28 17:15:00,15,17,1,52,12,2021,28,-0.0003021669270116614,1.1348566803578954,1.1296563196421046,32.808517434521406,12.965857678057024,1.1323560000000001,1.1323893333333332
166,2021.12.28,17:30:00,1.12951,1.12976,1.12899,1.12947,967,0,0,EURUSD,2021-12-28 17:30:00,30,17,1,52,12,2021,28,-0.0003982587560357243,1.1349184865412536,1.1292285134587468,32.561948972219994,13.923166031532647,1.1322633333333334,1.1323348333333334
167,2021.12.28,17:45:00,1.12945,1.1299,1.12894,1.12953,1329,0,0,EURUSD,2021-12-28 17:45:00,45,17,1,52,12,2021,28,-0.00048625643746996077,1.1349246426494326,1.1288753573505677,33.08220343002135,14.780563171403124,1.1321623333333333,1.1322756666666665
168,2021.12.28,18:00:00,1.12952,1.13078,1.12949,1.13075,1053,0,0,EURUSD,2021-12-28 18:00:00,0,18,1,52,12,2021,28,-0.0005439952158895204,1.1348085862099118,1.1287674137900878,42.42499427459525,15.218286568805702,1.132126666666667,1.1322448333333335
169,2021.12.28,18:15:00,1.13079,1.13204,1.1306,1.13189,682,0,0,EURUSD,2021-12-28 18:15:00,15,18,1,52,12,2021,28,-0.0005603136286143287,1.134671648932172,1.128774351067828,49.271309941564546,15.182164676665153,1.132112,1.132233
170,2021.12.28,18:30:00,1.13188,1.13204,1.13095,1.13105,543,0,1,EURUSD,2021-12-28 18:30:00,30,18,1,52,12,2021,28,-0.0005619397617098356,1.1344832371140245,1.1287417628859753,45.17650472340033,15.147246847595955,1.132067666666667,1.1322156666666667
171,2021.12.28,18:45:00,1.13105,1.13147,1.1308,1.13129,541,0,1,EURUSD,2021-12-28 18:45:00,45,18,1,52,12,2021,28,-0.0005491619797718316,1.1342854475577313,1.128745552442269,46.49088820922859,15.151176679366241,1.132026666666667,1.1322043333333334
172,2021.12.28,19:00:00,1.13131,1.13163,1.13118,1.13147,278,0,0,EURUSD,2021-12-28 19:00:00,0,19,1,52,12,2021,28,-0.0005239024892767779,1.134088758036455,1.128772241963545,47.468043238627054,15.099981292033176,1.1319879999999998,1.1321951666666668
173,2021.12.28,19:15:00,1.13147,1.1321,1.13147,1.13201,580,0,0,EURUSD,2021-12-28 19:15:00,15,19,1,52,12,2021,28,-0.0004823343855370638,1.1339050964615065,1.1288329035384936,50.2855371885205,14.893782985404108,1.131954,1.1321983333333334
174,2021.12.28,19:30:00,1.13201,1.13203,1.13098,1.13098,471,0,0,EURUSD,2021-12-28 19:30:00,30,19,1,52,12,2021,28,-0.00044805713845418504,1.1336422714727918,1.128871728527208,45.47314385434171,14.820894111454539,1.1318899999999998,1.1321788333333336
175,2021.12.28,19:45:00,1.13098,1.13119,1.13091,1.13104,501,0,0,EURUSD,2021-12-28 19:45:00,45,19,1,52,12,2021,28,-0.0004181680512006219,1.1334397785638732,1.1288972214361268,45.78580099421724,14.768281537931033,1.1318203333333332,1.1321576666666668
176,2021.12.28,20:00:00,1.13104,1.13104,1.13015,1.1306,559,0,1,EURUSD,2021-12-28 20:00:00,0,20,1,52,12,2021,28,-0.000398663066302983,1.1331429338203856,1.1289470661796142,43.87717331919264,14.898846891654458,1.1317359999999999,1.1321323333333335
177,2021.12.28,20:15:00,1.1306,1.1306,1.13008,1.13015,235,0,1,EURUSD,2021-12-28 20:15:00,15,20,1,52,12,2021,28,-0.00039295997253749776,1.132874034039575,1.1289509659604249,42.02377584892381,15.041037014494943,1.131641,1.1321015
178,2021.12.28,20:30:00,1.13016,1.13052,1.13006,1.13018,483,0,0,EURUSD,2021-12-28 20:30:00,30,20,1,52,12,2021,28,-0.00039483233460198356,1.1324787623829256,1.1290602376170744,42.19217834586995,15.183177898026164,1.1315473333333335,1.132068
179,2021.12.28,20:45:00,1.13018,1.13037,1.13006,1.13032,289,0,1,EURUSD,2021-12-28 20:45:00,45,20,1,52,12,2021,28,-0.00039822117231583866,1.1322678573252791,1.129088142674721,42.99158471784037,15.320580752106347,1.1314516666666667,1.1320305
180,2021.12.28,21:00:00,1.13032,1.13032,1.12993,1.13013,226,0,1,EURUSD,2021-12-28 21:00:00,0,21,1,52,12,2021,28,-0.0004045065715427226,1.1321077322293316,1.1290802677706682,42.17281381227567,15.485470468741497,1.1313473333333335,1.1319908333333333
181,2021.12.28,21:15:00,1.13013,1.13018,1.12993,1.13004,175,0,1,EURUSD,2021-12-28 21:15:00,15,21,1,52,12,2021,28,-0.0004127919335327364,1.1320749503871184,1.1290250496128815,41.782881255051855,15.644863861488808,1.131241,1.1319495000000002
182,2021.12.28,21:30:00,1.13001,1.13011,1.1299,1.12997,218,0,1,EURUSD,2021-12-28 21:30:00,30,21,1,52,12,2021,28,-0.00042207247387159583,1.1320760288837208,1.1289869711162792,41.47433862584276,15.80687268725584,1.1311343333333332,1.1319066666666666
183,2021.12.28,21:45:00,1.12997,1.13031,1.12993,1.13025,374,0,1,EURUSD,2021-12-28 21:45:00,45,21,1,52,12,2021,28,-0.0004260610464481052,1.132060603445219,1.128963396554781,43.20963903268788,15.883041337924714,1.1310346666666666,1.1318655
184,2021.12.28,22:00:00,1.13025,1.13048,1.13018,1.13034,395,0,0,EURUSD,2021-12-28 22:00:00,0,22,1,52,12,2021,28,-0.0004241166518443454,1.1320393035896736,1.129059696410326,43.76407312950097,15.889092539916433,1.1309386666666668,1.1318273333333333
185,2021.12.28,22:15:00,1.13034,1.13073,1.1303,1.1306,218,0,1,EURUSD,2021-12-28 22:15:00,15,22,1,52,12,2021,28,-0.0004134407209430375,1.1320133840458733,1.1291926159541268,45.35831239384066,15.795738962721028,1.130865,1.1317938333333333
186,2021.12.28,22:30:00,1.13062,1.13097,1.1305,1.13095,209,0,0,EURUSD,2021-12-28 22:30:00,30,22,1,52,12,2021,28,-0.0003913253215699092,1.1319889547485,1.1293650452514998,47.43354272096708,15.610599429975922,1.1307943333333335,1.1317643333333332
187,2021.12.28,22:45:00,1.13096,1.13123,1.13082,1.13118,466,0,1,EURUSD,2021-12-28 22:45:00,45,22,1,52,12,2021,28,-0.0003586377855226322,1.1319714662141378,1.129547533785862,48.75655409084613,15.330802269237834,1.1307403333333332,1.1317371666666667
188,2021.12.28,23:00:00,1.13116,1.13137,1.131,1.13105,289,0,1,EURUSD,2021-12-28 23:00:00,0,23,1,52,12,2021,28,-0.00032229403969345267,1.1319933773950692,1.1295556226049308,48.04945206668117,15.005845822577271,1.1306739999999997,1.1317126666666666
189,2021.12.28,23:15:00,1.13101,1.13141,1.13101,1.13102,117,0,5,EURUSD,2021-12-28 23:15:00,15,23,1,52,12,2021,28,-0.00028530791078592183,1.131839339677651,1.129622660322349,47.88366995604679,14.675440070514192,1.1306363333333331,1.1316866666666667
190,2021.12.28,23:30:00,1.13102,1.13102,1.13074,1.13089,155,0,7,EURUSD,2021-12-28 23:30:00,30,23,1,52,12,2021,28,-0.0002512818222374737,1.131823929750139,1.1296220702498614,47.15435290243262,14.458003815905757,1.1306056666666666,1.1316541666666666
191,2021.12.28,23:45:00,1.13087,1.13097,1.13073,1.13079,161,0,7,EURUSD,2021-12-28 23:45:00,45,23,1,52,12,2021,28,-0.00022191745292115706,1.1317669611282406,1.1296290388717594,46.58967791268574,14.251757375164479,1.1306013333333336,1.1316248333333334
192,2021.12.29,00:00:00,1.13079,1.13101,1.13064,1.13096,84,0,21,EURUSD,2021-12-29 00:00:00,0,0,2,52,12,2021,29,-0.00019379624219219817,1.1316868574575,1.1296581425424999,47.69127573758545,14.089545758218463,1.1306219999999998,1.1315966666666668
193,2021.12.29,00:15:00,1.13096,1.13103,1.13085,1.13091,553,0,65,EURUSD,2021-12-29 00:15:00,15,0,2,52,12,2021,29,-0.00016828439947712967,1.1314246228948426,1.1298103771051575,47.39385976273677,13.921677933142732,1.130631,1.1315728333333335
194,2021.12.29,00:30:00,1.13092,1.13115,1.13064,1.13068,209,0,24,EURUSD,2021-12-29 00:30:00,30,0,2,52,12,2021,29,-0.00014903139251546963,1.1313922201363116,1.1298127798636883,46.027931478135756,13.861330159590594,1.1306673333333335,1.1315488333333334
195,2021.12.29,00:45:00,1.13068,1.13091,1.13,1.13007,330,0,23,EURUSD,2021-12-29 00:45:00,45,0,2,52,12,2021,29,-0.00014410309803193137,1.131349709546991,1.1297582904530086,42.65504676342933,14.078200648325637,1.1306853333333333,1.1315206666666668
196,2021.12.29,01:00:00,1.13007,1.13111,1.13006,1.13108,203,0,7,EURUSD,2021-12-29 01:00:00,0,1,2,52,12,2021,29,-0.00013196920493086675,1.1314077773950142,1.129748222604986,49.05002159022453,14.17145852884039,1.130739,1.1315011666666668
197,2021.12.29,01:15:00,1.13107,1.13135,1.13107,1.13134,159,0,7,EURUSD,2021-12-29 01:15:00,15,1,2,52,12,2021,29,-0.00011150612827784416,1.1315077298540943,1.129767270145906,50.51946627690689,14.12082280237267,1.1307993333333333,1.1314808333333333
198,2021.12.29,01:30:00,1.13133,1.13141,1.13105,1.1312,237,0,7,EURUSD,2021-12-29 01:30:00,30,1,2,52,12,2021,29,-8.88746622412785e-05,1.1315653670300716,1.1298116329699284,49.72069149904695,14.035050620526826,1.1308143333333331,1.1314705
199,2021.12.29,01:45:00,1.13112,1.1314,1.13111,1.13124,160,0,7,EURUSD,2021-12-29 01:45:00,45,1,2,52,12,2021,29,-6.522973062321756e-05,1.1316263691189101,1.1298426308810898,49.95456727995886,13.952137511409177,1.1307926666666668,1.131452333333333
200,2021.12.29,02:00:00,1.13125,1.13133,1.13097,1.13119,176,0,1,EURUSD,2021-12-29 02:00:00,0,2,2,52,12,2021,29,-4.2838133846592256e-05,1.1316537289711877,1.129921271028812,49.65589149913601,13.951869470002023,1.1307973333333332,1.1314324999999998
201,2021.12.29,02:15:00,1.13115,1.13122,1.13099,1.13106,110,0,0,EURUSD,2021-12-29 02:15:00,15,2,2,52,12,2021,29,-2.4382344872588445e-05,1.131636874004821,1.1300401259951787,48.86999793570252,13.95161036330844,1.1307896666666664,1.1314081666666667
202,2021.12.29,02:30:00,1.13105,1.13121,1.13099,1.13109,108,0,0,EURUSD,2021-12-29 02:30:00,30,2,2,52,12,2021,29,-8.826722160179343e-06,1.1315863921417249,1.130202607858275,49.062454232074046,13.951359893504641,1.130777,1.1313825000000002
203,2021.12.29,02:45:00,1.1311,1.1311,1.13066,1.131,246,0,0,EURUSD,2021-12-29 02:45:00,45,2,2,52,12,2021,29,2.6799015273605833e-06,1.1315546463040835,1.1303093536959166,48.4959459540887,14.152325111910086,1.1307433333333334,1.1313486666666668
204,2021.12.29,03:00:00,1.13101,1.13117,1.13074,1.1308,197,0,0,EURUSD,2021-12-29 03:00:00,0,3,2,52,12,2021,29,7.848503612219694e-06,1.1315165579821846,1.1303934420178152,47.24195164625864,14.2829402664567,1.1307373333333333,1.1313136666666668
205,2021.12.29,03:15:00,1.13079,1.13081,1.13035,1.13042,199,0,0,EURUSD,2021-12-29 03:15:00,15,3,2,52,12,2021,29,2.693043492458109e-06,1.1315365358841882,1.1303554641158118,44.95706360227089,14.635608657068156,1.1307166666666668,1.1312685
206,2021.12.29,03:30:00,1.13041,1.13061,1.12973,1.12983,399,0,0,EURUSD,2021-12-29 03:30:00,30,3,2,52,12,2021,29,-1.808232447235681e-05,1.1316631276186562,1.1301168723813442,41.71638865870297,15.27723671838442,1.130691,1.1312135
207,2021.12.29,03:45:00,1.12983,1.13028,1.12975,1.13004,311,0,1,EURUSD,2021-12-29 03:45:00,45,3,2,52,12,2021,29,-4.416722832257999e-05,1.1316806121251686,1.1299853878748314,43.22333555570359,15.89747717765681,1.1306873333333334,1.1311641666666667
208,2021.12.29,04:00:00,1.13002,1.13025,1.12981,1.13,311,0,1,EURUSD,2021-12-29 04:00:00,0,4,2,52,12,2021,29,-7.275014323059264e-05,1.1316986554730173,1.1298623445269826,43.00424343450785,16.497042954953454,1.1306813333333332,1.1311143333333333
209,2021.12.29,04:15:00,1.13,1.13038,1.12995,1.13036,506,0,1,EURUSD,2021-12-29 04:15:00,15,4,2,52,12,2021,29,-9.54909974087221e-05,1.1316767866528474,1.1298182133471526,45.5728062479533,16.956651255361532,1.1306826666666665,1.1310671666666667
210,2021.12.29,04:30:00,1.13036,1.13064,1.13036,1.13044,259,0,0,EURUSD,2021-12-29 04:30:00,30,4,2,52,12,2021,29,-0.00011188405137210785,1.1316615221210211,1.1297884778789788,46.13088851518498,17.17019731824376,1.130693,1.1310201666666666
211,2021.12.29,04:45:00,1.13043,1.13072,1.13022,1.13067,257,0,0,EURUSD,2021-12-29 04:45:00,45,4,2,52,12,2021,29,-0.0001195145541068368,1.1316553062921055,1.1297826937078945,47.7250667420975,17.4486449744964,1.130714,1.1309775
212,2021.12.29,05:00:00,1.13066,1.13095,1.13066,1.13095,213,0,0,EURUSD,2021-12-29 05:00:00,0,5,2,52,12,2021,29,-0.00011651322161679211,1.131654274938644,1.129782725061356,49.60331286807183,17.527650001276598,1.1307466666666666,1.1309405000000001
213,2021.12.29,05:15:00,1.13095,1.13095,1.13062,1.13074,231,0,0,EURUSD,2021-12-29 05:15:00,15,5,2,52,12,2021,29,-0.000110090265739448,1.1316415295848088,1.1297784704151914,48.25803146927459,17.625782787104676,1.1307630000000002,1.1308988333333334
214,2021.12.29,05:30:00,1.13079,1.13087,1.13061,1.13061,162,0,0,EURUSD,2021-12-29 05:30:00,30,5,2,52,12,2021,29,-0.00010368256066085323,1.1316390296659626,1.1297739703340375,47.434194458809486,17.72623244449288,1.1307719999999999,1.1308553333333333
215,2021.12.29,05:45:00,1.1306,1.1307,1.13044,1.13063,168,0,1,EURUSD,2021-12-29 05:45:00,45,5,2,52,12,2021,29,-9.706491512822657e-05,1.1316189498730274,1.1298500501269726,47.576626128129426,17.919135826835547,1.130773,1.130819
216,2021.12.29,06:00:00,1.13063,1.13064,1.13038,1.13064,195,0,1,EURUSD,2021-12-29 06:00:00,0,6,2,52,12,2021,29,-9.028181616485754e-05,1.1315825362962815,1.1298424637037185,47.64999523407214,18.13944364719786,1.1307626666666666,1.1307785000000001
217,2021.12.29,06:15:00,1.13064,1.13067,1.13043,1.13053,183,0,1,EURUSD,2021-12-29 06:15:00,15,6,2,52,12,2021,29,-8.529981068650267e-05,1.1314930801608456,1.1298509198391542,46.903022023176646,18.32371375784175,1.130741,1.1307406666666666
218,2021.12.29,06:30:00,1.13053,1.13056,1.1303,1.13043,178,0,0,EURUSD,2021-12-29 06:30:00,30,6,2,52,12,2021,29,-8.310888674363378e-05,1.1314218967736123,1.1298451032263874,46.221597609287286,18.57899907992948,1.1307203333333333,1.1306971666666668
219,2021.12.29,06:45:00,1.13039,1.13045,1.13031,1.13042,150,0,0,EURUSD,2021-12-29 06:45:00,45,6,2,52,12,2021,29,-8.275233268389852e-05,1.1313318560491281,1.129853143950872,46.152233814213886,18.82577489128095,1.1307003333333334,1.1306683333333332
220,2021.12.29,07:00:00,1.13043,1.13044,1.13032,1.13044,104,0,0,EURUSD,2021-12-29 07:00:00,0,7,2,52,12,2021,29,-8.30565196578083e-05,1.1312409031687187,1.1298690968312812,46.31890576036643,19.064324842254038,1.1306853333333333,1.1306455
221,2021.12.29,07:15:00,1.13043,1.13053,1.13041,1.13046,143,0,0,EURUSD,2021-12-29 07:15:00,15,7,2,52,12,2021,29,-8.325050939911908e-05,1.1311691150592031,1.1298808849407969,46.490242718611356,19.19514125027938,1.1306743333333331,1.1306378333333336
222,2021.12.29,07:30:00,1.13046,1.13075,1.13046,1.13062,134,0,0,EURUSD,2021-12-29 07:30:00,30,7,2,52,12,2021,29,-8.062280908367944e-05,1.1310907823458902,1.1299122176541094,47.867303547939756,19.087687833263672,1.130663,1.1306425
223,2021.12.29,07:45:00,1.13062,1.13062,1.13041,1.1305,228,0,0,EURUSD,2021-12-29 07:45:00,45,7,2,52,12,2021,29,-7.809505072279446e-05,1.1310171535995985,1.1299358464004012,46.93026454870811,19.02079564845987,1.1306493333333334,1.1306401666666666
224,2021.12.29,08:00:00,1.13049,1.13061,1.13032,1.13045,253,0,1,EURUSD,2021-12-29 08:00:00,0,8,2,52,12,2021,29,-7.638216969312899e-05,1.130977779944244,1.1299402200557562,46.53758833786341,19.023727404491602,1.1306416666666665,1.1306545
225,2021.12.29,08:15:00,1.13044,1.13051,1.13032,1.13051,185,0,1,EURUSD,2021-12-29 08:15:00,15,8,2,52,12,2021,29,-7.413847466936753e-05,1.1309824168871914,1.1299445831128083,47.08718859784565,19.02656143532228,1.1306563333333335,1.1306708333333333
226,2021.12.29,08:30:00,1.13048,1.13058,1.13032,1.13035,155,0,1,EURUSD,2021-12-29 08:30:00,30,8,2,52,12,2021,29,-7.406342389063003e-05,1.1309192110400208,1.130059788959979,45.788669337760375,18.937988012459254,1.1306319999999999,1.1306855
227,2021.12.29,08:45:00,1.13032,1.13034,1.12999,1.13005,236,0,1,EURUSD,2021-12-29 08:45:00,45,8,2,52,12,2021,29,-7.996909085867801e-05,1.1309175265445992,1.1300624734554008,43.46380351983034,19.13142845431786,1.130589,1.1306941666666668
228,2021.12.29,09:00:00,1.13002,1.13026,1.12978,1.12988,320,0,1,EURUSD,2021-12-29 09:00:00,0,9,2,52,12,2021,29,-9.184375600158384e-05,1.130942712154923,1.1300252878450767,42.207539761095745,19.471744026302705,1.1305450000000001,1.1306796666666665
229,2021.12.29,09:15:00,1.12988,1.13013,1.12973,1.13011,288,0,0,EURUSD,2021-12-29 09:15:00,15,9,2,52,12,2021,29,-0.00010295833782554981,1.13095726689127,1.1299857331087302,44.454543595528705,19.835266020909863,1.1305073333333333,1.13065
230,2021.12.29,09:30:00,1.13012,1.13019,1.12983,1.13012,368,0,1,EURUSD,2021-12-29 09:30:00,30,9,2,52,12,2021,29,-0.0001126196623675003,1.1309660817105824,1.1299449182894172,44.551509216116706,20.108947022759377,1.1304716666666665,1.1306345
231,2021.12.29,09:45:00,1.13013,1.13023,1.12976,1.13002,433,0,1,EURUSD,2021-12-29 09:45:00,45,9,2,52,12,2021,29,-0.0001222024094065449,1.1309582461303231,1.1298877538696768,43.761227393301326,20.423013645308448,1.1304370000000001,1.1306133333333332
232,2021.12.29,10:00:00,1.13003,1.13011,1.12915,1.12917,854,0,1,EURUSD,2021-12-29 10:00:00,0,10,2,52,12,2021,29,-0.00014451629170572609,1.131058703931584,1.1296092960684159,37.85647222263934,21.073889535375688,1.130373,1.1305749999999999
233,2021.12.29,10:15:00,1.12916,1.12927,1.12813,1.12844,1217,0,0,EURUSD,2021-12-29 10:15:00,15,10,2,52,12,2021,29,-0.00018495741414612503,1.1313098789305385,1.1291281210694613,33.80410299970262,22.09095914945397,1.1302876666666668,1.1305155
234,2021.12.29,10:30:00,1.12845,1.12897,1.12841,1.12891,841,0,1,EURUSD,2021-12-29 10:30:00,30,10,2,52,12,2021,29,-0.00022672021820147482,1.1313538947318886,1.1289141052681118,38.20953579466605,23.074126443062966,1.1302246666666667,1.1304809999999998
235,2021.12.29,10:45:00,1.12891,1.12891,1.12817,1.12867,726,0,1,EURUSD,2021-12-29 10:45:00,45,10,2,52,12,2021,29,-0.0002704344700804863,1.1313950925761627,1.1286769074238374,36.911877678126515,24.097162587526242,1.1301663333333332,1.1304414999999999
236,2021.12.29,11:00:00,1.12868,1.12879,1.12757,1.12795,969,0,1,EURUSD,2021-12-29 11:00:00,0,11,2,52,12,2021,29,-0.000323951082958261,1.131517124695561,1.1282858753044391,33.39238199079399,25.242837327068756,1.1301036666666668,1.1303973333333333
237,2021.12.29,11:15:00,1.12791,1.12805,1.12732,1.12769,666,0,0,EURUSD,2021-12-29 11:15:00,15,11,2,52,12,2021,29,-0.0003842159946292499,1.1316227792256415,1.1278962207743586,32.24389544484133,26.407577997203102,1.1300253333333332,1.130356333333333
238,2021.12.29,11:30:00,1.12769,1.128,1.12765,1.12796,575,0,1,EURUSD,2021-12-29 11:30:00,30,11,2,52,12,2021,29,-0.0004403680247163555,1.1316346669239061,1.127637333076094,34.65815295916626,27.533493978332967,1.1299573333333333,1.1303193333333332
239,2021.12.29,11:45:00,1.12793,1.12805,1.12753,1.12801,746,0,0,EURUSD,2021-12-29 11:45:00,45,11,2,52,12,2021,29,-0.0004891971894991282,1.1316037374837442,1.1274272625162556,35.10115084628154,28.64948707387711,1.129879,1.1302808333333334
240,2021.12.29,12:00:00,1.12799,1.12838,1.12793,1.128,753,0,0,EURUSD,2021-12-29 12:00:00,0,12,2,52,12,2021,29,-0.0005299213834825732,1.131538646541209,1.127248353458791,35.05198357567819,29.432185820521635,1.129797666666667,1.1302453333333335
241,2021.12.29,12:15:00,1.128,1.12869,1.12784,1.1285,667,0,1,EURUSD,2021-12-29 12:15:00,15,12,2,52,12,2021,29,-0.0005542457032440094,1.1314144220196538,1.1271765779803462,39.43967618405486,29.937308734463553,1.1297253333333332,1.1302196666666666
242,2021.12.29,12:30:00,1.12849,1.12882,1.12813,1.12873,730,0,1,EURUSD,2021-12-29 12:30:00,30,12,2,52,12,2021,29,-0.000562083024785961,1.1312382106831365,1.1271637893168633,41.32591937163637,30.327033901254175,1.1296513333333336,1.130199
243,2021.12.29,12:45:00,1.12874,1.12886,1.1283,1.12836,710,0,0,EURUSD,2021-12-29 12:45:00,45,12,2,52,12,2021,29,-0.0005637978028962972,1.131067747704007,1.1271202522959927,39.289429015431594,30.673744382673718,1.129572,1.1301674999999998
244,2021.12.29,13:00:00,1.12841,1.12873,1.12781,1.12872,613,0,1,EURUSD,2021-12-29 13:00:00,0,13,2,52,12,2021,29,-0.0005545565989140699,1.1308800707067321,1.1271349292932678,42.15838746951558,31.14997923627031,1.1295089999999999,1.1301405
245,2021.12.29,13:15:00,1.12872,1.13002,1.12861,1.12967,701,0,0,EURUSD,2021-12-29 13:15:00,15,13,2,52,12,2021,29,-0.0005225121949710596,1.1307307848284058,1.1272002151715943,48.76759038315559,30.872933728119516,1.129477,1.130125
246,2021.12.29,13:30:00,1.12968,1.13028,1.12966,1.13027,896,0,0,EURUSD,2021-12-29 13:30:00,30,13,2,52,12,2021,29,-0.00046709144711124824,1.1307138911480965,1.1272091088519038,52.32665002806555,30.481625687893228,1.1294646666666666,1.1301136666666667
247,2021.12.29,13:45:00,1.13028,1.13029,1.12989,1.13009,672,0,0,EURUSD,2021-12-29 13:45:00,45,13,2,52,12,2021,29,-0.00040173130592163336,1.1307212051423674,1.1272057948576326,51.22233155238178,30.098648807355822,1.1294499999999998,1.1300955000000001
248,2021.12.29,14:00:00,1.13008,1.13011,1.12936,1.12959,928,0,1,EURUSD,2021-12-29 14:00:00,0,14,2,52,12,2021,29,-0.00034062921322370536,1.1306794444208994,1.1272185555791006,48.293586159230614,29.888800323254355,1.1294220000000001,1.1300711666666667
249,2021.12.29,14:15:00,1.1296,1.13,1.12923,1.12982,755,0,0,EURUSD,2021-12-29 14:15:00,15,14,2,52,12,2021,29,-0.0002809531769452595,1.1306284579933683,1.1272405420066316,49.66317185070406,29.722290502712863,1.129402,1.1300511666666666
250,2021.12.29,14:30:00,1.12983,1.12998,1.12915,1.12951,809,0,0,EURUSD,2021-12-29 14:30:00,30,14,2,52,12,2021,29,-0.0002296048014595669,1.1305286314559029,1.127279368544097,47.89434176731317,29.583042023299765,1.129371,1.1300281666666667
251,2021.12.29,14:45:00,1.12951,1.13031,1.12944,1.12968,1037,0,0,EURUSD,2021-12-29 14:45:00,45,14,2,52,12,2021,29,-0.00018293224261825574,1.1304690186967874,1.1273049813032125,48.926293823328805,29.304897676050196,1.129345,1.1300096666666666
252,2021.12.29,15:00:00,1.12969,1.1303,1.12959,1.13025,1015,0,0,EURUSD,2021-12-29 15:00:00,0,15,2,52,12,2021,29,-0.00013212609104289465,1.1306335583249318,1.127248441675068,52.2092682908396,29.036024807042278,1.1293326666666668,1.1299978333333334
253,2021.12.29,15:15:00,1.13026,1.13124,1.1302,1.13114,1242,0,1,EURUSD,2021-12-29 15:15:00,15,15,2,52,12,2021,29,-6.689185375433845e-05,1.1310133166464336,1.1271386833535664,56.70449264949496,28.415455769629155,1.129354,1.1300016666666666
254,2021.12.29,15:30:00,1.13115,1.13201,1.13073,1.13153,1337,0,0,EURUSD,2021-12-29 15:30:00,30,15,2,52,12,2021,29,1.0340623915421752e-05,1.1314302749668026,1.126983725033197,58.47506825756305,27.568235896998562,1.1293900000000001,1.1300158333333334
255,2021.12.29,15:45:00,1.13155,1.13219,1.13147,1.13179,1003,0,0,EURUSD,2021-12-29 15:45:00,45,15,2,52,12,2021,29,9.516929188602533e-05,1.131849842004822,1.1268761579951783,59.61409382706884,26.69569281181168,1.1294326666666665,1.1300445
256,2021.12.29,16:00:00,1.13179,1.13202,1.13125,1.13167,995,0,0,EURUSD,2021-12-29 16:00:00,0,16,2,52,12,2021,29,0.00017818080584533255,1.1321449312291365,1.1269530687708638,58.84344978163744,25.914366914271685,1.1294766666666665,1.1300543333333333
257,2021.12.29,16:15:00,1.13167,1.13298,1.13161,1.13291,936,0,0,EURUSD,2021-12-29 16:15:00,15,16,2,52,12,2021,29,0.0002750791278273583,1.132656515875697,1.126963484124303,63.84027031409844,25.201610690102605,1.129572,1.1300805000000003
258,2021.12.29,16:30:00,1.13292,1.13384,1.13283,1.1337,1515,0,0,EURUSD,2021-12-29 16:30:00,30,16,2,52,12,2021,29,0.0003875788895196028,1.1332940321762277,1.1268999678237726,66.51930258875588,24.716109892297496,1.1296993333333334,1.1301221666666665
259,2021.12.29,16:45:00,1.1337,1.13499,1.13365,1.13464,1524,0,1,EURUSD,2021-12-29 16:45:00,45,16,2,52,12,2021,29,0.0005180736882758827,1.1340598041008225,1.1267971958991776,69.31743612457511,24.48028627527225,1.1298503333333334,1.1301788333333334
260,2021.12.29,17:00:00,1.13464,1.13585,1.13454,1.13532,1478,0,1,EURUSD,2021-12-29 17:00:00,0,17,2,52,12,2021,29,0.0006626748827767546,1.1348464078026335,1.1267425921973664,71.12345970227854,24.40372489812138,1.1300236666666668,1.1302476666666665
261,2021.12.29,17:15:00,1.13532,1.13593,1.13532,1.13546,1059,0,0,EURUSD,2021-12-29 17:15:00,15,17,2,52,12,2021,29,0.000809260707416591,1.135545020211133,1.1267399797888669,71.48098653923127,24.34333411450581,1.130205,1.130321
262,2021.12.29,17:30:00,1.13544,1.1363,1.1353,1.13628,866,0,0,EURUSD,2021-12-29 17:30:00,30,17,2,52,12,2021,29,0.0009606443408634825,1.1363276474166777,1.1267123525833225,73.47115953523563,24.348087112601092,1.130442,1.1304075
263,2021.12.29,17:45:00,1.13628,1.13687,1.13465,1.13491,2027,0,0,EURUSD,2021-12-29 17:45:00,45,17,2,52,12,2021,29,0.0010830523150780114,1.1366411443667257,1.1270538556332745,65.56349236804317,24.18290412051266,1.1306576666666668,1.1304726666666665
264,2021.12.29,18:00:00,1.13491,1.13517,1.13433,1.13481,1546,0,0,EURUSD,2021-12-29 18:00:00,0,18,2,52,12,2021,29,0.0011768181422591325,1.1368824416171814,1.1274215583828187,65.03494857332123,23.942821157246026,1.1308543333333334,1.1305395
265,2021.12.29,18:15:00,1.13481,1.13534,1.13464,1.13482,784,0,0,EURUSD,2021-12-29 18:15:00,15,18,2,52,12,2021,29,0.0012451936045362222,1.137131740658936,1.127687259341064,65.06408352464135,23.741174873334327,1.1310593333333334,1.1306128333333334
266,2021.12.29,18:30:00,1.13483,1.13512,1.13419,1.13446,734,0,1,EURUSD,2021-12-29 18:30:00,30,18,2,52,12,2021,29,0.0012854888854218515,1.1373132782639974,1.1279247217360027,63.10580179476139,23.43014702880823,1.131276333333333,1.1306900000000002
267,2021.12.29,18:45:00,1.13446,1.13453,1.13355,1.13368,713,0,0,EURUSD,2021-12-29 18:45:00,45,18,2,52,12,2021,29,0.0012906973737639965,1.137358224252839,1.128238775747161,59.117695626748045,22.972040403717532,1.1314760000000001,1.1307506666666667
268,2021.12.29,19:00:00,1.13367,1.134,1.13357,1.1336,421,0,1,EURUSD,2021-12-29 19:00:00,0,19,2,52,12,2021,29,0.0012694229890461296,1.137310589766495,1.1286874102335052,58.7239359682333,22.529203999463192,1.131664,1.1308106666666666
269,2021.12.29,19:15:00,1.13361,1.13444,1.1336,1.13425,425,0,0,EURUSD,2021-12-29 19:15:00,15,19,2,52,12,2021,29,0.001240141989554367,1.137292982625571,1.1291480173744288,60.912208849020466,22.188607220529875,1.131872,1.1308755
270,2021.12.29,19:30:00,1.13425,1.13452,1.13379,1.13381,249,0,1,EURUSD,2021-12-29 19:30:00,30,19,2,52,12,2021,29,0.0011975310799450783,1.1371185906642145,1.1297524093357856,58.73179442017408,21.875091426592565,1.1320656666666666,1.1309316666666664
271,2021.12.29,19:45:00,1.13383,1.13392,1.13369,1.13375,283,0,0,EURUSD,2021-12-29 19:45:00,45,19,2,52,12,2021,29,0.0011451122946862112,1.1368704696019267,1.1304075303980734,58.43671269992117,21.545454201467685,1.132240666666667,1.130983
272,2021.12.29,20:00:00,1.13374,1.13423,1.1337,1.13396,643,0,0,EURUSD,2021-12-29 20:00:00,0,20,2,52,12,2021,29,0.0010900344871199409,1.136635414628963,1.131013585371037,59.179288695062084,21.292210847705046,1.1324149999999997,1.1310331666666669
273,2021.12.29,20:15:00,1.13396,1.13409,1.13377,1.1338,339,0,0,EURUSD,2021-12-29 20:15:00,15,20,2,52,12,2021,29,0.0010311402099294673,1.1364694158129418,1.131445584187058,58.35751590241837,21.04740893906783,1.132596333333333,1.1310841666666667
274,2021.12.29,20:30:00,1.13381,1.13391,1.13344,1.1339,326,0,0,EURUSD,2021-12-29 20:30:00,30,20,2,52,12,2021,29,0.000972186443323168,1.1363144618776322,1.131837538122368,58.72806023300096,20.7142605768737,1.1327690000000001,1.131139
275,2021.12.29,20:45:00,1.1339,1.1342,1.13356,1.13402,401,0,1,EURUSD,2021-12-29 20:45:00,45,20,2,52,12,2021,29,0.0009159845641226058,1.1361518975904568,1.132223102409543,59.178972426930066,20.461147893603325,1.132914,1.1311955
276,2021.12.29,21:00:00,1.13404,1.13438,1.13398,1.13422,298,0,0,EURUSD,2021-12-29 21:00:00,0,21,2,52,12,2021,29,0.0008655568790965418,1.1358822772228874,1.1327477227771126,59.93369680558555,20.259436057009875,1.1330456666666668,1.1312551666666666
277,2021.12.29,21:15:00,1.13423,1.13431,1.13399,1.13406,181,0,0,EURUSD,2021-12-29 21:15:00,15,21,2,52,12,2021,29,0.0008168663639268658,1.1358009754474276,1.1329440245525724,59.03047591444725,20.064447948302874,1.133178,1.1313140000000002
278,2021.12.29,21:30:00,1.13405,1.13422,1.1338,1.13411,275,0,0,EURUSD,2021-12-29 21:30:00,30,21,2,52,12,2021,29,0.0007707530275503017,1.1357923096037188,1.1329936903962812,59.22910663308341,19.812072721979433,1.1333286666666667,1.1313753333333334
279,2021.12.29,21:45:00,1.13411,1.13433,1.13388,1.13429,439,0,0,EURUSD,2021-12-29 21:45:00,45,21,2,52,12,2021,29,0.0007297874470192537,1.1357705510266873,1.132980448973313,59.9521927027558,19.597462070435174,1.1334776666666666,1.1314398333333335
280,2021.12.29,22:00:00,1.13427,1.13437,1.13403,1.13428,500,0,0,EURUSD,2021-12-29 22:00:00,0,22,2,52,12,2021,29,0.0006923729861752962,1.1356459582368144,1.1330010417631857,59.89114727358252,19.401117448233947,1.1336366666666668,1.1315038333333334
281,2021.12.29,22:15:00,1.13428,1.13444,1.13413,1.13433,208,0,0,EURUSD,2021-12-29 22:15:00,15,22,2,52,12,2021,29,0.0006583652889260815,1.1354767690074061,1.1330572309925937,60.10128318083275,19.23169448675065,1.1337916666666668,1.1315683333333333
282,2021.12.29,22:30:00,1.13433,1.13452,1.13424,1.13445,373,0,1,EURUSD,2021-12-29 22:30:00,30,22,2,52,12,2021,29,0.0006286896070303829,1.1349385541118453,1.1334124458881547,60.613602563873165,19.09208347867716,1.1339316666666666,1.1316321666666667
283,2021.12.29,22:45:00,1.13446,1.13502,1.13424,1.13485,922,0,1,EURUSD,2021-12-29 22:45:00,45,22,2,52,12,2021,29,0.0006082336523114382,1.1349237761064555,1.1334212238935446,62.28359370092587,19.105608887039313,1.1340553333333334,1.1317046666666668
284,2021.12.29,23:00:00,1.13482,1.13521,1.13472,1.13479,438,0,1,EURUSD,2021-12-29 23:00:00,0,23,2,52,12,2021,29,0.0005922852264353276,1.134919248197643,1.1334237518023573,61.876487166438075,19.17479964499055,1.1341639999999997,1.131777
285,2021.12.29,23:15:00,1.1348,1.13505,1.13475,1.13498,176,0,5,EURUSD,2021-12-29 23:15:00,15,23,2,52,12,2021,29,0.0005816794763438778,1.1349592023715047,1.133399797628495,62.67568061445272,19.241684044343412,1.1342703333333335,1.1318515
286,2021.12.29,23:30:00,1.13498,1.13498,1.13468,1.13473,124,0,7,EURUSD,2021-12-29 23:30:00,30,23,2,52,12,2021,29,0.0005696640136975535,1.135001952538275,1.133384047461725,60.93688351326919,19.271911149056162,1.1343723333333335,1.1319245
287,2021.12.29,23:45:00,1.13477,1.13479,1.13461,1.13477,230,0,7,EURUSD,2021-12-29 23:45:00,45,23,2,52,12,2021,29,0.0005567346380588193,1.1350577988394273,1.133437201160573,61.11543780842699,19.264033071324615,1.1344343333333333,1.1320031666666668
288,2021.12.30,00:00:00,1.13445,1.13469,1.13426,1.13436,66,0,12,EURUSD,2021-12-30 00:00:00,0,0,3,52,12,2021,30,0.000536099997300345,1.1350371010971079,1.1335338989028922,58.29025539976849,19.07049973133544,1.1344563333333333,1.1320778333333334
289,2021.12.30,00:15:00,1.13428,1.13465,1.13419,1.13429,117,0,17,EURUSD,2021-12-30 00:15:00,15,0,3,52,12,2021,30,0.0005093788581537254,1.1350389162058652,1.133536083794135,57.818195036713,18.84537943418538,1.1344446666666665,1.1321474999999999
290,2021.12.30,00:30:00,1.1343,1.13467,1.1343,1.13465,75,0,16,EURUSD,2021-12-30 00:30:00,30,0,3,52,12,2021,30,0.00048482619829029374,1.1350622087442546,1.1335967912557459,59.56054191880258,18.636887924284252,1.1344223333333332,1.132223
291,2021.12.30,00:45:00,1.13463,1.1347,1.13446,1.1345,115,0,15,EURUSD,2021-12-30 00:45:00,45,0,3,52,12,2021,30,0.00045942161086316366,1.1350499070975644,1.1336840929024359,58.518666246311,18.449696878296088,1.1343903333333334,1.1322976666666666
292,2021.12.30,01:00:00,1.13448,1.13513,1.13444,1.13499,192,0,7,EURUSD,2021-12-30 01:00:00,0,1,3,52,12,2021,30,0.0004415853512307416,1.1351270426100206,1.1337099573899794,60.8339041161798,18.46948066092236,1.1343473333333334,1.1323946666666667
293,2021.12.30,01:15:00,1.13498,1.13509,1.13496,1.135,107,0,7,EURUSD,2021-12-30 01:15:00,15,1,3,52,12,2021,30,0.0004285808608607122,1.1351695335498742,1.1337874664501257,60.88000071901976,18.488604984127758,1.1343503333333333,1.1325040000000002
294,2021.12.30,01:30:00,1.13501,1.13514,1.135,1.13509,122,0,7,EURUSD,2021-12-30 01:30:00,30,1,3,52,12,2021,30,0.0004197456216925453,1.135224213100777,1.1338517868992226,61.304024489538286,18.53471539806348,1.1343596666666664,1.1326070000000001
295,2021.12.30,01:45:00,1.13519,1.13594,1.13509,1.13593,251,0,6,EURUSD,2021-12-30 01:45:00,45,1,3,52,12,2021,30,0.00042643177046665213,1.135518896728613,1.1337481032713872,64.97001510532303,18.962728098172843,1.1343966666666667,1.132728
296,2021.12.30,02:00:00,1.13591,1.13599,1.13484,1.13489,523,0,1,EURUSD,2021-12-30 02:00:00,0,2,3,52,12,2021,30,0.00042493140868088295,1.1355370901336757,1.133796909866324,57.93963776963927,19.185111993596855,1.134411,1.1328436666666668
297,2021.12.30,02:15:00,1.1349,1.13531,1.13486,1.13527,102,0,0,EURUSD,2021-12-30 02:15:00,15,2,3,52,12,2021,30,0.00042347272554681305,1.135588096487559,1.1338669035124411,59.592370233757045,19.400083092506737,1.134464,1.13297
298,2021.12.30,02:30:00,1.13527,1.13533,1.13509,1.13523,121,0,1,EURUSD,2021-12-30 02:30:00,30,2,3,52,12,2021,30,0.0004205132757250222,1.1356203430643759,1.133946656935624,59.3384685770904,19.617615877357295,1.1345183333333333,1.1330911666666668
299,2021.12.30,02:45:00,1.13523,1.13533,1.13488,1.13516,272,0,0,EURUSD,2021-12-30 02:45:00,45,2,3,52,12,2021,30,0.0004146930697346829,1.1356460906374053,1.1340079093625948,58.884280682526615,19.65143075410048,1.1345486666666666,1.1332103333333334
300,2021.12.30,03:00:00,1.13514,1.13516,1.13479,1.13485,228,0,1,EURUSD,2021-12-30 03:00:00,0,3,3,52,12,2021,30,0.00040149386367982395,1.1356330663780556,1.1340779336219444,56.88939751371585,19.60851516619423,1.134583333333333,1.1333245
301,2021.12.30,03:15:00,1.13486,1.13499,1.13464,1.13471,240,0,1,EURUSD,2021-12-30 03:15:00,15,3,3,52,12,2021,30,0.0003812128635687355,1.1356157216080773,1.1341332783919227,56.00301918056465,19.44425942282673,1.1346153333333333,1.1334279999999999
302,2021.12.30,03:30:00,1.13471,1.13474,1.13441,1.13458,344,0,0,EURUSD,2021-12-30 03:30:00,30,3,3,52,12,2021,30,0.00035461336037734216,1.1356087043924605,1.134153295607539,55.177198008294,19.102985739798285,1.134636,1.1335255000000002
303,2021.12.30,03:45:00,1.13458,1.13471,1.1345,1.13459,358,0,0,EURUSD,2021-12-30 03:45:00,45,3,3,52,12,2021,30,0.00032479924035624344,1.1356072343113104,1.13412876568869,55.229732455454894,18.773087846204124,1.1346623333333334,1.1336293333333336
304,2021.12.30,04:00:00,1.13458,1.13468,1.13436,1.13462,278,0,0,EURUSD,2021-12-30 04:00:00,0,4,3,52,12,2021,30,0.00029427151553049284,1.1356063805292103,1.1341126194707896,55.39198911623673,18.342183091932203,1.1346863333333335,1.1337276666666667
305,2021.12.30,04:15:00,1.13462,1.13469,1.13453,1.13465,122,0,0,EURUSD,2021-12-30 04:15:00,15,4,3,52,12,2021,30,0.00026470475898772227,1.1355932448713724,1.1340927551286277,55.55860782188143,17.933045151753085,1.1347073333333333,1.1338106666666665
306,2021.12.30,04:30:00,1.13459,1.13463,1.13428,1.1343,202,0,0,EURUSD,2021-12-30 04:30:00,30,4,3,52,12,2021,30,0.000231102895708411,1.135609095273215,1.134033904726785,53.16207770704778,17.336779713629273,1.1347099999999999,1.1338778333333333
307,2021.12.30,04:45:00,1.13429,1.13449,1.13429,1.13449,225,0,0,EURUSD,2021-12-30 04:45:00,45,4,3,52,12,2021,30,0.00019923797968186862,1.1356087851510788,1.1340062148489212,54.26983126413621,16.760389790109592,1.1347243333333334,1.1339511666666666
308,2021.12.30,05:00:00,1.13448,1.13472,1.13444,1.13452,157,0,0,EURUSD,2021-12-30 05:00:00,0,5,3,52,12,2021,30,0.00017015668891674524,1.135601012905634,1.134029987094366,54.44581184762753,16.38303342936774,1.134738,1.1340333333333334
309,2021.12.30,05:15:00,1.13448,1.13463,1.13418,1.13418,226,0,0,EURUSD,2021-12-30 05:15:00,15,5,3,52,12,2021,30,0.00013853228691643537,1.1356123649246361,1.1340076350753636,52.09540891697192,15.867361395026208,1.1347343333333335,1.134106
310,2021.12.30,05:30:00,1.13419,1.13435,1.13408,1.13409,242,0,0,EURUSD,2021-12-30 05:30:00,30,5,3,52,12,2021,30,0.00010522007493188052,1.1356446910154152,1.1339193089845847,51.48676914063348,15.446654534321375,1.134728,1.1341823333333332
311,2021.12.30,05:45:00,1.13409,1.13412,1.13371,1.13377,199,0,0,EURUSD,2021-12-30 05:45:00,45,5,3,52,12,2021,30,6.725102660556153e-05,1.1357137425743677,1.1337772574256322,49.3654092769529,15.304537361782195,1.1347093333333333,1.1342505
312,2021.12.30,06:00:00,1.13377,1.13377,1.13361,1.13367,136,0,0,EURUSD,2021-12-30 06:00:00,0,6,3,52,12,2021,30,2.6604843443694317e-05,1.1357519193006975,1.1336070806993026,48.71652347073673,15.234207016867254,1.1346833333333335,1.1343074999999998
313,2021.12.30,06:15:00,1.13366,1.13367,1.13341,1.13348,169,0,0,EURUSD,2021-12-30 06:15:00,15,6,3,52,12,2021,30,-1.6680552733557257e-05,1.135789688499571,1.1334173115004287,47.489590561260606,15.301517533446393,1.1346376666666667,1.1343465
314,2021.12.30,06:30:00,1.13343,1.13343,1.1332,1.13332,199,0,0,EURUSD,2021-12-30 06:30:00,30,6,3,52,12,2021,30,-6.186575270431449e-05,1.1358076920090288,1.1332223079909711,46.47004357476926,15.502345936808796,1.1345886666666667,1.1343763333333332
315,2021.12.30,06:45:00,1.13332,1.13334,1.1332,1.13326,193,0,0,EURUSD,2021-12-30 06:45:00,45,6,3,52,12,2021,30,-0.00010668929043274142,1.1356087223659477,1.1331542776340522,46.08621755693502,15.696480060059114,1.1345313333333331,1.1344008333333335
316,2021.12.30,07:00:00,1.13325,1.13327,1.13297,1.13308,282,0,0,EURUSD,2021-12-30 07:00:00,0,7,3,52,12,2021,30,-0.00015156504975700837,1.135622827394663,1.132959172605337,44.93439716848867,16.029196506564418,1.1344763333333332,1.1344243333333333
317,2021.12.30,07:15:00,1.13305,1.13314,1.13298,1.1331,233,0,1,EURUSD,2021-12-30 07:15:00,15,7,3,52,12,2021,30,-0.00019345654338250707,1.135531961880558,1.1328330381194422,45.092132513612704,16.350822404852874,1.1344206666666665,1.1344275
318,2021.12.30,07:30:00,1.1331,1.13313,1.13245,1.13264,318,0,0,EURUSD,2021-12-30 07:30:00,30,7,3,52,12,2021,30,-0.00023817964050897858,1.1354743870167203,1.1326316129832796,42.214958793362214,16.955471992532114,1.1343633333333334,1.1344098333333335
319,2021.12.30,07:45:00,1.13264,1.13292,1.13258,1.13259,223,0,0,EURUSD,2021-12-30 07:45:00,45,7,3,52,12,2021,30,-0.000282587934418017,1.1353885459436086,1.1324604540563914,41.91423878625244,17.53996659395538,1.1343066666666668,1.1343756666666667
320,2021.12.30,08:00:00,1.13259,1.1327,1.13244,1.13256,267,0,1,EURUSD,2021-12-30 08:00:00,0,8,3,52,12,2021,30,-0.0003243055170356399,1.1353265334427245,1.1322934665572755,41.729730430050815,18.177339671543432,1.134237,1.1343296666666667
321,2021.12.30,08:15:00,1.13256,1.13258,1.13189,1.13199,384,0,0,EURUSD,2021-12-30 08:15:00,15,8,3,52,12,2021,30,-0.0003705045685481075,1.1353319556208803,1.1320160443791198,38.40667190792162,19.03505013639136,1.1341533333333333,1.1342718333333333
322,2021.12.30,08:30:00,1.13199,1.13199,1.13159,1.13173,350,0,1,EURUSD,2021-12-30 08:30:00,30,8,3,52,12,2021,30,-0.0004203943806138219,1.1353442649712033,1.131718735028797,37.01575628054597,19.980422936149626,1.1340446666666666,1.134196
323,2021.12.30,08:45:00,1.13172,1.13196,1.13151,1.13171,329,0,1,EURUSD,2021-12-30 08:45:00,45,8,3,52,12,2021,30,-0.00046934310799359106,1.1353009853839313,1.1314740146160687,36.909388312371334,20.92301490609628,1.1339350000000001,1.1341426666666667
324,2021.12.30,09:00:00,1.13171,1.13203,1.13159,1.13173,611,0,1,EURUSD,2021-12-30 09:00:00,0,9,3,52,12,2021,30,-0.000513747192350262,1.135200572072695,1.131285427927305,37.096380356820546,21.763830636283444,1.133823,1.1340913333333333
325,2021.12.30,09:15:00,1.13173,1.13182,1.13158,1.13162,431,0,0,EURUSD,2021-12-30 09:15:00,15,9,3,52,12,2021,30,-0.0005535590990113854,1.1350595530049608,1.131123446995039,36.4811846851004,22.580600182892987,1.1336793333333333,1.134038
326,2021.12.30,09:30:00,1.13163,1.13238,1.13152,1.13236,574,0,1,EURUSD,2021-12-30 09:30:00,30,9,3,52,12,2021,30,-0.0005753377707585945,1.1349020636152258,1.1310869363847744,43.05340058847011,22.8015511545781,1.133595,1.1340029999999999
327,2021.12.30,09:45:00,1.13237,1.13237,1.1315,1.13175,662,0,1,EURUSD,2021-12-30 09:45:00,45,9,3,52,12,2021,30,-0.0005930927688367811,1.1347054675888133,1.1310095324111868,39.56266950915654,23.024873542356072,1.1334776666666668,1.1339708333333332
328,2021.12.30,10:00:00,1.13175,1.13179,1.13103,1.13112,913,0,0,EURUSD,2021-12-30 10:00:00,0,10,3,52,12,2021,30,-0.0006160945635335247,1.1345169764850414,1.1308580235149583,36.40876291743577,23.446111283840292,1.1333406666666666,1.1339295
329,2021.12.30,10:15:00,1.13112,1.13123,1.13047,1.13067,724,0,0,EURUSD,2021-12-30 10:15:00,15,10,3,52,12,2021,30,-0.0006469544396628405,1.1344107486180637,1.1306132513819362,34.38338051024019,24.05687536448762,1.133191,1.1338698333333332
330,2021.12.30,10:30:00,1.13065,1.13119,1.13063,1.13107,748,0,0,EURUSD,2021-12-30 10:30:00,30,10,3,52,12,2021,30,-0.0006732655768823659,1.1342110742513924,1.1305109257486075,37.576533501026965,24.647280642446706,1.133065,1.1338241666666669
331,2021.12.30,10:45:00,1.13107,1.13107,1.12999,1.13015,981,0,0,EURUSD,2021-12-30 10:45:00,45,10,3,52,12,2021,30,-0.000708489933627564,1.134153839432199,1.1302061605678009,33.67717937755282,25.40669014614509,1.1329129999999998,1.1337641666666665
332,2021.12.30,11:00:00,1.13015,1.13074,1.13,1.13047,779,0,1,EURUSD,2021-12-30 11:00:00,0,11,3,52,12,2021,30,-0.0007407341997306807,1.1340040522061554,1.1300359477938446,36.06446125648931,26.140785999720194,1.132776,1.1337059999999999
333,2021.12.30,11:15:00,1.13048,1.13049,1.12996,1.13012,623,0,0,EURUSD,2021-12-30 11:15:00,15,11,3,52,12,2021,30,-0.0007733160675507426,1.1338839614581218,1.1298200385418784,34.65314391286499,26.86111971887114,1.132627,1.1336446666666666
334,2021.12.30,11:30:00,1.13012,1.13049,1.12999,1.13049,602,0,1,EURUSD,2021-12-30 11:30:00,30,11,3,52,12,2021,30,-0.000796735864589618,1.1337058469554362,1.129715153044564,37.33495109270456,27.557442314050384,1.1324893333333332,1.1335878333333334
335,2021.12.30,11:45:00,1.13049,1.13059,1.13002,1.13016,625,0,0,EURUSD,2021-12-30 11:45:00,45,11,3,52,12,2021,30,-0.0008166343837679805,1.1335255010683818,1.129585498931618,35.97283842832057,28.154619795182136,1.1323396666666667,1.1335235
336,2021.12.30,12:00:00,1.13016,1.131,1.13004,1.13083,757,0,1,EURUSD,2021-12-30 12:00:00,0,12,3,52,12,2021,30,-0.0008207319873075502,1.1333001863265546,1.1295858136734453,40.52985454414864,28.445571819601145,1.1322240000000001,1.133467
337,2021.12.30,12:15:00,1.13083,1.13118,1.13065,1.1311,618,0,0,EURUSD,2021-12-30 12:15:00,15,12,3,52,12,2021,30,-0.0008085327733670463,1.133032311288809,1.1296536887111905,42.24353229451266,28.61022981908001,1.1321109999999999,1.1334176666666667
338,2021.12.30,12:30:00,1.1311,1.13144,1.1308,1.13128,562,0,1,EURUSD,2021-12-30 12:30:00,30,12,3,52,12,2021,30,-0.0007820439282931814,1.1328501157013406,1.1296998842986594,43.36895768807909,28.609583809296495,1.132003,1.1333705
339,2021.12.30,12:45:00,1.1313,1.13168,1.13112,1.13162,547,0,0,EURUSD,2021-12-30 12:45:00,45,12,3,52,12,2021,30,-0.0007407802705623079,1.1326866697806774,1.1297663302193224,45.4461244425442,28.467700655440336,1.1319176666666666,1.1333259999999998
340,2021.12.30,13:00:00,1.13162,1.132,1.13133,1.13193,698,0,0,EURUSD,2021-12-30 13:00:00,0,13,3,52,12,2021,30,-0.0006857848985900051,1.1325579920643036,1.1298320079356967,47.27034672897947,28.154689821405128,1.1318456666666665,1.1332868333333335
341,2021.12.30,13:15:00,1.13193,1.13246,1.13188,1.13234,607,0,0,EURUSD,2021-12-30 13:15:00,15,13,3,52,12,2021,30,-0.0006169613493877809,1.132626503275134,1.129798496724866,49.57722313629118,27.618916946430545,1.131798,1.1332536666666668
342,2021.12.30,13:30:00,1.13234,1.13247,1.13191,1.13203,437,0,1,EURUSD,2021-12-30 13:30:00,30,13,3,52,12,2021,30,-0.0005466181000010388,1.132670681791439,1.1297843182085612,47.93685967838691,27.0961938045031,1.131743333333333,1.1332133333333334
343,2021.12.30,13:45:00,1.13203,1.13259,1.13174,1.13257,666,0,0,EURUSD,2021-12-30 13:45:00,45,13,3,52,12,2021,30,-0.0004691486035149056,1.1328214382555764,1.1297195617444238,50.866351090090234,26.653664956099774,1.131713,1.1331753333333334
344,2021.12.30,14:00:00,1.13261,1.13277,1.13209,1.13218,872,0,0,EURUSD,2021-12-30 14:00:00,0,14,3,52,12,2021,30,-0.0003964265300791179,1.132884531536132,1.1297014684638678,48.81423257388581,26.141012405001035,1.1316750000000002,1.1331318333333333
345,2021.12.30,14:15:00,1.13218,1.13278,1.13185,1.13274,802,0,1,EURUSD,2021-12-30 14:15:00,15,14,3,52,12,2021,30,-0.00032065425151006085,1.133063076703735,1.1296349232962652,51.70818922523545,25.73023188540838,1.1316576666666667,1.1330945
346,2021.12.30,14:30:00,1.13276,1.13383,1.13276,1.13367,1023,0,0,EURUSD,2021-12-30 14:30:00,30,14,3,52,12,2021,30,-0.0002313738287676293,1.1333738175500847,1.1294551824499153,55.98357894221123,24.913602954401142,1.1316773333333334,1.1330768333333334
347,2021.12.30,14:45:00,1.13367,1.13444,1.13364,1.1343,907,0,0,EURUSD,2021-12-30 14:45:00,45,14,3,52,12,2021,30,-0.00012772836043349758,1.1338871324727378,1.1291968675272623,58.554899783739145,24.245926899607014,1.1317173333333335,1.1330689999999999
348,2021.12.30,15:00:00,1.13428,1.13436,1.13289,1.13339,1387,0,0,EURUSD,2021-12-30 15:00:00,0,15,3,52,12,2021,30,-3.4739826284048176e-05,1.1341307541600376,1.1291802458399627,53.853973963109325,23.515376037446988,1.1317423333333332,1.1330528333333334
349,2021.12.30,15:15:00,1.13329,1.13383,1.13317,1.13353,838,0,0,EURUSD,2021-12-30 15:15:00,15,15,3,52,12,2021,30,4.90073326860232e-05,1.1343628817350553,1.1292341182649446,54.43614489681976,22.809176870692298,1.1317736666666667,1.1330401666666667
350,2021.12.30,15:30:00,1.13353,1.13359,1.13264,1.13288,1172,0,0,EURUSD,2021-12-30 15:30:00,30,15,3,52,12,2021,30,0.00011208994427528583,1.1344728111383895,1.1293051888616104,51.32612432986963,22.28021878390259,1.1317843333333333,1.1330106666666666
351,2021.12.30,15:45:00,1.13289,1.1334,1.13032,1.13041,1731,0,0,EURUSD,2021-12-30 15:45:00,45,15,3,52,12,2021,30,0.0001192506401025918,1.1344513578136508,1.1293526421863491,41.91304061060863,22.269166150863374,1.1317316666666666,1.1329425
352,2021.12.30,16:00:00,1.13041,1.13127,1.12988,1.1312,1450,0,1,EURUSD,2021-12-30 16:00:00,0,16,3,52,12,2021,30,0.000103317379283392,1.134421573434893,1.129455426565107,45.23612243706209,22.335182336632528,1.131714,1.1328793333333336
353,2021.12.30,16:15:00,1.13121,1.13227,1.13074,1.13221,1036,0,0,EURUSD,2021-12-30 16:15:00,15,16,3,52,12,2021,30,8.96230006106312e-05,1.1343751650205467,1.1297108349794531,49.08822770425237,22.14106033908749,1.1317306666666664,1.1328328333333333
354,2021.12.30,16:30:00,1.13221,1.13282,1.13208,1.13264,1308,0,0,EURUSD,2021-12-30 16:30:00,30,16,3,52,12,2021,30,8.470592176503623e-05,1.1343770713549852,1.129923928645015,50.61805527465546,21.82197461169764,1.131761,1.1327919999999998
355,2021.12.30,16:45:00,1.13264,1.13382,1.13245,1.13336,1403,0,0,EURUSD,2021-12-30 16:45:00,45,16,3,52,12,2021,30,9.684216336191505e-05,1.1343898468101112,1.1302311531898888,53.06116980954478,21.297742508235736,1.1318190000000001,1.1327491666666667
356,2021.12.30,17:00:00,1.13337,1.13402,1.13321,1.13365,1276,0,0,EURUSD,2021-12-30 17:00:00,0,17,3,52,12,2021,30,0.0001234369517430564,1.1344901917887062,1.130412808211294,54.009228217974304,20.749326787076882,1.1318620000000001,1.1327284999999998
357,2021.12.30,17:15:00,1.13365,1.1339,1.13182,1.13223,1103,0,0,EURUSD,2021-12-30 17:15:00,15,17,3,52,12,2021,30,0.00013476332595022076,1.1344492920274005,1.1305667079725996,48.99642319327055,20.457090937273144,1.131878,1.1326778333333334
358,2021.12.30,17:30:00,1.13219,1.13241,1.13158,1.1317,1284,0,0,EURUSD,2021-12-30 17:30:00,30,17,3,52,12,2021,30,0.00012716301336401743,1.1344228671100116,1.1306351328899886,47.30131720419331,20.213288120747908,1.1318973333333335,1.1326189999999998
359,2021.12.30,17:45:00,1.13171,1.1331,1.13079,1.13304,2029,0,0,EURUSD,2021-12-30 17:45:00,45,17,3,52,12,2021,30,0.00012918732826037142,1.134456482241926,1.130743517758074,51.674161974027385,20.0958834668245,1.1319763333333335,1.1325836666666664
360,2021.12.30,18:00:00,1.13303,1.1332,1.13221,1.13238,1084,0,0,EURUSD,2021-12-30 18:00:00,0,18,3,52,12,2021,30,0.0001263136966879672,1.1344555518121873,1.1307894481878125,49.57804232769749,19.961986474790407,1.13202,1.1325425
361,2021.12.30,18:15:00,1.13238,1.13278,1.13188,1.13253,843,0,0,EURUSD,2021-12-30 18:15:00,15,18,3,52,12,2021,30,0.00012262603560117552,1.1344608518108812,1.130803148189119,50.054375312212066,19.882056932239735,1.1320993333333333,1.1325061666666665
362,2021.12.30,18:30:00,1.13252,1.13256,1.13198,1.13228,518,0,1,EURUSD,2021-12-30 18:30:00,30,18,3,52,12,2021,30,0.00011435337634446711,1.1344593913259777,1.1308296086740224,49.25216491950507,19.80479170777409,1.1321596666666667,1.1324678333333333
363,2021.12.30,18:45:00,1.13228,1.13228,1.13151,1.13167,759,0,0,EURUSD,2021-12-30 18:45:00,45,18,3,52,12,2021,30,9.364776732097017e-05,1.1344660642512543,1.1307329357487457,47.337195487414704,19.802087362466914,1.1322113333333335,1.1324191666666665
364,2021.12.30,19:00:00,1.13167,1.13219,1.13166,1.13193,439,0,0,EURUSD,2021-12-30 19:00:00,0,19,3,52,12,2021,30,7.016955443273968e-05,1.1344686801000166,1.1307053198999835,48.22481120073514,19.799473162003313,1.1322593333333333,1.1323743333333334
365,2021.12.30,19:15:00,1.13192,1.13196,1.13093,1.1312,523,0,0,EURUSD,2021-12-30 19:15:00,15,19,3,52,12,2021,30,3.437763961674103e-05,1.134488846021739,1.1305311539782608,45.97416308350204,19.90690120069988,1.1322940000000001,1.1323168333333336
366,2021.12.30,19:30:00,1.1312,1.1315,1.13105,1.13148,278,0,0,EURUSD,2021-12-30 19:30:00,30,19,3,52,12,2021,30,-2.867110820833214e-06,1.1343512458759408,1.130449754124059,46.95642715840582,20.01074830477323,1.1323156666666667,1.1322698333333332
367,2021.12.30,19:45:00,1.13144,1.1316,1.13133,1.1315,441,0,0,EURUSD,2021-12-30 19:45:00,45,19,3,52,12,2021,30,-3.8744416073314705e-05,1.13403081040956,1.1304901895904398,47.02759301570765,20.08595528894536,1.132329,1.13222
368,2021.12.30,20:00:00,1.1315,1.13164,1.13131,1.13136,294,0,0,EURUSD,2021-12-30 20:00:00,0,20,3,52,12,2021,30,-7.402919742211504e-05,1.1338889577113471,1.1304290422886532,46.57509780302502,20.148219670759985,1.1323316666666665,1.1321673333333335
369,2021.12.30,20:15:00,1.13135,1.13135,1.13068,1.1307,367,0,0,EURUSD,2021-12-30 20:15:00,15,20,3,52,12,2021,30,-0.00011745409673787219,1.1337382204730053,1.130296779526995,44.48753873155921,20.31219506541671,1.1323009999999998,1.1321093333333332
370,2021.12.30,20:30:00,1.13069,1.13086,1.13044,1.1305,283,0,0,EURUSD,2021-12-30 20:30:00,30,20,3,52,12,2021,30,-0.00016662784086257778,1.1336955651509495,1.1301014348490508,43.87112390618081,20.509686928875645,1.1322533333333336,1.1320495
371,2021.12.30,20:45:00,1.13049,1.13064,1.13038,1.13059,204,0,0,EURUSD,2021-12-30 20:45:00,45,20,3,52,12,2021,30,-0.00021501140462660932,1.1336747324479755,1.1301402675520247,44.230843869029236,20.710587490675803,1.132195,1.1319965
372,2021.12.30,21:00:00,1.13059,1.13089,1.13041,1.13087,297,0,0,EURUSD,2021-12-30 21:00:00,0,21,3,52,12,2021,30,-0.0002554060613356154,1.1336918875001887,1.1300901124998113,45.35789697014221,20.831987279976264,1.1321563333333335,1.1319498333333333
373,2021.12.30,21:15:00,1.13087,1.13141,1.13084,1.13131,245,0,1,EURUSD,2021-12-30 21:15:00,15,21,3,52,12,2021,30,-0.00028107380612261035,1.1336582669720032,1.1300337330279966,47.0959271559514,20.799520761568697,1.1321143333333334,1.1319136666666665
374,2021.12.30,21:30:00,1.13132,1.13163,1.13128,1.13162,179,0,0,EURUSD,2021-12-30 21:30:00,30,21,3,52,12,2021,30,-0.000290578969223513,1.1335702153313203,1.1300197846686795,48.29459303775887,20.705214374973195,1.1320956666666666,1.1318853333333334
375,2021.12.30,21:45:00,1.13159,1.133,1.13158,1.13274,547,0,0,EURUSD,2021-12-30 21:45:00,45,21,3,52,12,2021,30,-0.00027092422877061326,1.133443202818047,1.130084797181953,52.33125463877194,20.25737783033526,1.1320956666666666,1.1318766666666666
376,2021.12.30,22:00:00,1.13274,1.13303,1.13242,1.13252,630,0,0,EURUSD,2021-12-30 22:00:00,0,22,3,52,12,2021,30,-0.00023691544005414807,1.1331832246209146,1.1302317753790851,51.514033014893684,19.817014850523552,1.1320573333333335,1.1318673333333333
377,2021.12.30,22:15:00,1.13251,1.13261,1.13235,1.1324,312,0,0,EURUSD,2021-12-30 22:15:00,15,22,3,52,12,2021,30,-0.00019706716057518007,1.1332062829116556,1.1302257170883443,51.064070890038636,19.407140724855825,1.131994,1.1318556666666666
378,2021.12.30,22:30:00,1.13244,1.13245,1.13214,1.13227,203,0,1,EURUSD,2021-12-30 22:30:00,30,22,3,52,12,2021,30,-0.00015727263222495272,1.1332551565317008,1.130233843468299,50.56905334300822,19.061017557172704,1.1319566666666667,1.1318495
379,2021.12.30,22:45:00,1.13226,1.13236,1.13182,1.13194,393,0,1,EURUSD,2021-12-30 22:45:00,45,22,3,52,12,2021,30,-0.00012450439009750166,1.1330766056571664,1.1303023943428332,49.31369828280937,18.802496394035376,1.1319036666666666,1.1318386666666667
380,2021.12.30,23:00:00,1.13193,1.13268,1.13192,1.13254,296,0,1,EURUSD,2021-12-30 23:00:00,0,23,3,52,12,2021,30,-8.800143318962827e-05,1.1331030959586168,1.1302919040413832,51.574768386713345,18.458105150558275,1.1318923333333333,1.1318383333333335
381,2021.12.30,23:15:00,1.13255,1.1327,1.13255,1.13266,115,0,4,EURUSD,2021-12-30 23:15:00,15,23,3,52,12,2021,30,-4.895607174859674e-05,1.1331269014090692,1.1302810985909304,52.01762023287944,18.118519848057645,1.131967333333333,1.1318495000000002
382,2021.12.30,23:30:00,1.13266,1.13271,1.13234,1.13243,116,0,7,EURUSD,2021-12-30 23:30:00,30,23,3,52,12,2021,30,-1.3921937646089245e-05,1.133148694269158,1.1302743057308424,51.09121116393065,17.85299572865544,1.132008333333333,1.1318611666666667
383,2021.12.30,23:45:00,1.13243,1.13257,1.13238,1.13256,195,0,7,EURUSD,2021-12-30 23:45:00,45,23,3,52,12,2021,30,1.8867294656263535e-05,1.1332420672220154,1.1302699327779846,51.59526731329743,17.59632241323331,1.1320200000000002,1.1318753333333333
384,2021.12.31,00:00:00,1.13244,1.13262,1.1318,1.13195,117,0,8,EURUSD,2021-12-31 00:00:00,0,0,4,52,12,2021,31,3.875540414916007e-05,1.1332435870480755,1.1302704129519243,49.137100912531636,17.528909350109963,1.131997,1.1318790000000003
